"DetalleOrdenID","OrdenID","ProductoID","Cantidad","PrecioUnitario","Descuento","Subtotal"
"1","1","1","1","3299.00","0.00","3299.00"
"2","1","2","2","5799.00","0.00","11598.00"
"3","1","3","1","649.00","0.00","649.00"
"4","2","4","2","499.00","0.00","998.00"
"5","2","5","1","899.00","0.00","899.00"
"6","2","6","2","1699.00","0.00","3398.00"
"7","3","7","1","429.00","0.00","429.00"
"8","3","8","2","599.00","0.00","1198.00"
"9","3","9","1","1899.00","0.00","1899.00"
"10","4","10","2","4599.00","0.00","9198.00"
"11","4","11","1","1299.00","0.00","1299.00"
"12","4","12","2","2499.00","0.00","4998.00"
"13","5","13","1","899.00","0.00","899.00"
"14","5","14","2","129.00","0.00","258.00"
"15","5","15","1","249.00","0.00","249.00"
"16","6","16","2","179.00","0.00","358.00"
"17","6","17","1","3799.00","0.00","3799.00"
"18","6","18","2","8499.00","0.00","16998.00"
"19","7","19","1","1199.00","0.00","1199.00"
"20","7","20","2","2499.00","0.00","4998.00"
"21","7","21","1","599.00","0.00","599.00"
"22","8","22","2","89.00","0.00","178.00"
"23","8","23","1","749.00","0.00","749.00"
"24","8","24","2","249.00","0.00","498.00"
"25","9","25","1","349.00","0.00","349.00"
"26","9","26","2","799.00","0.00","1598.00"
"27","9","27","1","199.00","0.00","199.00"
"28","10","28","2","1699.00","0.00","3398.00"
"29","10","29","1","2799.00","0.00","2799.00"
"30","10","30","2","4499.00","0.00","8998.00"
"31","11","31","1","399.00","0.00","399.00"
"32","11","32","2","229.00","0.00","458.00"
"33","11","33","1","249.00","0.00","249.00"
"34","12","34","2","349.00","0.00","698.00"
"35","12","35","1","429.00","0.00","429.00"
"36","12","36","2","199.00","0.00","398.00"
"37","13","37","1","399.00","0.00","399.00"
"38","13","38","2","1299.00","0.00","2598.00"
"39","13","39","1","799.00","0.00","799.00"
"40","14","40","2","449.00","0.00","898.00"
"41","14","41","1","99.00","0.00","99.00"
"42","14","42","2","199.00","0.00","398.00"
"43","15","43","1","149.00","0.00","149.00"
"44","15","44","2","129.00","0.00","258.00"
"45","15","45","1","179.00","0.00","179.00"
"46","16","46","2","159.00","0.00","318.00"
"47","16","47","1","349.00","0.00","349.00"
"48","16","48","2","299.00","0.00","598.00"
"49","17","49","1","799.00","0.00","799.00"
"50","17","50","2","599.00","0.00","1198.00"
"51","17","51","1","299.00","0.00","299.00"
"52","18","52","2","649.00","0.00","1298.00"
"53","18","53","1","249.00","0.00","249.00"
"54","18","54","2","99.00","0.00","198.00"
"55","19","55","1","449.00","0.00","449.00"
"56","19","56","2","299.00","0.00","598.00"
"57","19","57","1","119.00","0.00","119.00"
"58","20","58","2","89.00","0.00","178.00"
"59","20","59","1","79.00","0.00","79.00"
"60","20","60","2","99.00","0.00","198.00"
"61","21","61","1","349.00","0.00","349.00"
"62","21","62","2","249.00","0.00","498.00"
"63","21","63","1","99.00","0.00","99.00"
"64","22","64","2","159.00","0.00","318.00"
"65","22","65","1","549.00","0.00","549.00"
"66","22","66","2","299.00","0.00","598.00"
"67","23","67","1","249.00","0.00","249.00"
"68","23","68","2","179.00","0.00","358.00"
"69","23","69","1","349.00","0.00","349.00"
"70","24","70","2","149.00","0.00","298.00"
"71","24","71","1","89.00","0.00","89.00"
"72","24","72","2","129.00","0.00","258.00"
"73","25","73","1","229.00","0.00","229.00"
"74","25","74","2","99.00","0.00","198.00"
"75","25","75","1","79.00","0.00","79.00"
"76","26","76","2","249.00","0.00","498.00"
"77","26","77","1","119.00","0.00","119.00"
"78","26","78","2","99.00","0.00","198.00"
"79","27","79","1","599.00","0.00","599.00"
"80","27","80","2","149.00","0.00","298.00"
"81","27","81","1","129.00","0.00","129.00"
"82","28","82","2","199.00","0.00","398.00"
"83","28","83","1","79.00","0.00","79.00"
"84","28","84","2","149.00","0.00","298.00"
"85","29","85","1","229.00","0.00","229.00"
"86","29","86","2","279.00","0.00","558.00"
"87","29","87","1","49.00","0.00","49.00"
"88","30","88","2","89.00","0.00","178.00"
"89","30","89","1","199.00","0.00","199.00"
"90","30","90","2","129.00","0.00","258.00"
"91","31","91","1","129.00","0.00","129.00"
"92","31","92","2","79.00","0.00","158.00"
"93","31","93","1","249.00","0.00","249.00"
"94","32","94","2","699.00","0.00","1398.00"
"95","32","95","1","449.00","0.00","449.00"
"96","32","96","2","199.00","0.00","398.00"
"97","33","97","1","49.00","0.00","49.00"
"98","33","98","2","59.00","0.00","118.00"
"99","33","99","1","89.00","0.00","89.00"
"100","34","100","2","159.00","0.00","318.00"
"101","34","101","1","139.00","0.00","139.00"
"102","34","102","2","49.00","0.00","98.00"
"103","35","103","1","39.00","0.00","39.00"
"104","35","104","2","199.00","0.00","398.00"
"105","35","105","1","59.00","0.00","59.00"
"106","36","106","2","69.00","0.00","138.00"
"107","36","107","1","249.00","0.00","249.00"
"108","36","108","2","89.00","0.00","178.00"
