"DetalleFacturaID","FacturaID","DetalleOrdenID","Descripcion","Cantidad","PrecioUnitario","Descuento","Impuesto","Subtotal"
"1","1","1","Smartphone Nova X 256 GB","1","3299.00","0.00","0.00","3299.00"
"2","1","2","Laptop Air 14” 16 GB RAM","2","5799.00","0.00","0.00","11598.00"
"3","1","3","Audífonos Wave Pro ANC","1","649.00","0.00","0.00","649.00"
"4","2","4","Teclado Mecánico RGB","2","499.00","0.00","0.00","998.00"
"5","2","5","Smartwatch Active S","1","899.00","0.00","0.00","899.00"
"6","2","6","Monitor UltraView 27”","2","1699.00","0.00","0.00","3398.00"
"7","3","7","Bocina Pulse Bluetooth","1","429.00","0.00","0.00","429.00"
"8","3","8","Cámara Home Secure 2K","2","599.00","0.00","0.00","1198.00"
"9","3","9","Smartphone Nova Lite 128 GB","1","1899.00","0.00","0.00","1899.00"
"10","4","10","Smartphone Aurora 512 GB","2","4599.00","0.00","0.00","9198.00"
"11","4","11","Tablet Estudio 10 pulgadas","1","1299.00","0.00","0.00","1299.00"
"12","4","12","Tablet Dibujo 12 pulgadas","2","2499.00","0.00","0.00","4998.00"
"13","5","13","Tablet Infantil 8 pulgadas","1","899.00","0.00","0.00","899.00"
"14","5","14","Cargador USB-C 30 W","2","129.00","0.00","0.00","258.00"
"15","5","15","Batería portátil 20000 mAh","1","249.00","0.00","0.00","249.00"
"16","6","16","Cargador inalámbrico 15 W","2","179.00","0.00","0.00","358.00"
"17","6","17","Laptop Aula 15 pulgadas","1","3799.00","0.00","0.00","3799.00"
"18","6","18","Laptop Diseño 16 pulgadas","2","8499.00","0.00","0.00","16998.00"
"19","7","19","Monitor Oficina 24 pulgadas","1","1199.00","0.00","0.00","1199.00"
"20","7","20","Monitor Curvo 32 pulgadas","2","2499.00","0.00","0.00","4998.00"
"21","7","21","SSD NVMe 1 TB","1","599.00","0.00","0.00","599.00"
"22","8","22","Memoria USB 128 GB","2","89.00","0.00","0.00","178.00"
"23","8","23","Disco externo 2 TB","1","749.00","0.00","0.00","749.00"
"24","8","24","Audífonos Studio Cable","2","249.00","0.00","0.00","498.00"
"25","9","25","Audífonos Mini Inalámbricos","1","349.00","0.00","0.00","349.00"
"26","9","26","Bocina Fiesta 40 W","2","799.00","0.00","0.00","1598.00"
"27","9","27","Bocina Compacta 10 W","1","199.00","0.00","0.00","199.00"
"28","10","28","Televisor Smart 32 pulgadas","2","1699.00","0.00","0.00","3398.00"
"29","10","29","Televisor Smart 43 pulgadas","1","2799.00","0.00","0.00","2799.00"
"30","10","30","Televisor UHD 55 pulgadas","2","4499.00","0.00","0.00","8998.00"
"31","11","31","Teclado Compacto 60 por ciento","1","399.00","0.00","0.00","399.00"
"32","11","32","Teclado Membrana Retroiluminado","2","229.00","0.00","0.00","458.00"
"33","11","33","Ratón Precisión 12000 DPI","1","249.00","0.00","0.00","249.00"
"34","12","34","Ratón Inalámbrico Arena","2","349.00","0.00","0.00","698.00"
"35","12","35","Ratón Ligero Competición","1","429.00","0.00","0.00","429.00"
"36","12","36","Control USB Universal","2","199.00","0.00","0.00","398.00"
"37","13","37","Control Bluetooth Pro","1","399.00","0.00","0.00","399.00"
"38","13","38","Volante de Carreras Básico","2","1299.00","0.00","0.00","2598.00"
"39","13","39","Cámara Exterior IP65","1","799.00","0.00","0.00","799.00"
"40","14","40","Cámara Interior Giratoria","2","449.00","0.00","0.00","898.00"
"41","14","41","Bombilla Wi-Fi RGB","1","99.00","0.00","0.00","99.00"
"42","14","42","Tira LED Inteligente 5 m","2","199.00","0.00","0.00","398.00"
"43","15","43","Enchufe Inteligente Wi-Fi","1","149.00","0.00","0.00","149.00"
"44","15","44","Sensor de Puerta Wi-Fi","2","129.00","0.00","0.00","258.00"
"45","15","45","Sensor de Movimiento Interior","1","179.00","0.00","0.00","179.00"
"46","16","46","Detector de Fugas de Agua","2","159.00","0.00","0.00","318.00"
"47","16","47","Licuadora Familiar 1.5 L","1","349.00","0.00","0.00","349.00"
"48","16","48","Cafetera de Goteo 12 Tazas","2","299.00","0.00","0.00","598.00"
"49","17","49","Freidora de Aire 5 L","1","799.00","0.00","0.00","799.00"
"50","17","50","Aspiradora Compacta 1200 W","2","599.00","0.00","0.00","1198.00"
"51","17","51","Aspiradora de Mano Recargable","1","299.00","0.00","0.00","299.00"
"52","18","52","Limpiador a Vapor Doméstico","2","649.00","0.00","0.00","1298.00"
"53","18","53","Ventilador de Pedestal 16 pulgadas","1","249.00","0.00","0.00","249.00"
"54","18","54","Ventilador de Escritorio USB","2","99.00","0.00","0.00","198.00"
"55","19","55","Ventilador de Torre 80 cm","1","449.00","0.00","0.00","449.00"
"56","19","56","Juego de Sartenes Antiadherentes","2","299.00","0.00","0.00","598.00"
"57","19","57","Juego de Utensilios de Silicona","1","119.00","0.00","0.00","119.00"
"58","20","58","Tabla de Cortar de Bambú","2","89.00","0.00","0.00","178.00"
"59","20","59","Organizador Modular de Cajones","1","79.00","0.00","0.00","79.00"
"60","20","60","Caja Plegable de Almacenamiento","2","99.00","0.00","0.00","198.00"
"61","21","61","Estante Metálico de 4 Niveles","1","349.00","0.00","0.00","349.00"
"62","21","62","Juego de Sábanas Matrimonial","2","249.00","0.00","0.00","498.00"
"63","21","63","Almohada de Microfibra","1","99.00","0.00","0.00","99.00"
"64","22","64","Cobertor Ligero Individual","2","159.00","0.00","0.00","318.00"
"65","22","65","Reloj Deportivo Track","1","549.00","0.00","0.00","549.00"
"66","22","66","Pulsera de Actividad Fit","2","299.00","0.00","0.00","598.00"
"67","23","67","Mochila Urbana para Laptop","1","249.00","0.00","0.00","249.00"
"68","23","68","Mochila Escolar Reforzada","2","179.00","0.00","0.00","358.00"
"69","23","69","Mochila de Viaje 35 L","1","349.00","0.00","0.00","349.00"
"70","24","70","Bolso Casual de Lona","2","149.00","0.00","0.00","298.00"
"71","24","71","Cartera Compacta Unisex","1","89.00","0.00","0.00","89.00"
"72","24","72","Bolso Cruzado Impermeable","2","129.00","0.00","0.00","258.00"
"73","25","73","Casco de Ciclismo Ajustable","1","229.00","0.00","0.00","229.00"
"74","25","74","Luz Recargable para Bicicleta","2","99.00","0.00","0.00","198.00"
"75","25","75","Bomba de Aire Portátil","1","79.00","0.00","0.00","79.00"
"76","26","76","Par de Mancuernas 5 kg","2","249.00","0.00","0.00","498.00"
"77","26","77","Bandas de Resistencia Set","1","119.00","0.00","0.00","119.00"
"78","26","78","Colchoneta de Yoga 6 mm","2","99.00","0.00","0.00","198.00"
"79","27","79","Tienda de Campaña para 2 Personas","1","599.00","0.00","0.00","599.00"
"80","27","80","Linterna LED Recargable","2","149.00","0.00","0.00","298.00"
"81","27","81","Botella Térmica de 750 ml","1","129.00","0.00","0.00","129.00"
"82","28","82","Cepillo Dental Eléctrico","2","199.00","0.00","0.00","398.00"
"83","28","83","Kit de Aseo de Viaje","1","79.00","0.00","0.00","79.00"
"84","28","84","Dispensador de Jabón Recargable","2","149.00","0.00","0.00","298.00"
"85","29","85","Secadora Compacta 1800 W","1","229.00","0.00","0.00","229.00"
"86","29","86","Plancha Cerámica para Cabello","2","279.00","0.00","0.00","558.00"
"87","29","87","Cepillo Desenredante","1","49.00","0.00","0.00","49.00"
"88","30","88","Rodillo Facial de Cuarzo","2","89.00","0.00","0.00","178.00"
"89","30","89","Espejo de Tocador LED","1","199.00","0.00","0.00","199.00"
"90","30","90","Cepillo Facial de Silicona","2","129.00","0.00","0.00","258.00"
"91","31","91","Juego de Destornilladores 12 Piezas","1","129.00","0.00","0.00","129.00"
"92","31","92","Martillo de Uña 16 oz","2","79.00","0.00","0.00","158.00"
"93","31","93","Juego de Llaves Combinadas","1","249.00","0.00","0.00","249.00"
"94","32","94","Taladro Inalámbrico 20 V","2","699.00","0.00","0.00","1398.00"
"95","32","95","Lijadora Orbital 240 W","1","449.00","0.00","0.00","449.00"
"96","32","96","Atornillador Recargable 4 V","2","199.00","0.00","0.00","398.00"
