"FacturaID","NumeroFactura","FechaEmision","OrdenID","Nombre","NIT","Direccion","Subtotal","ImpuestoTotal","DescuentoTotal","Total","Notas","Estado"
"1","DEMO-2026-00001","2026-08-01 12:00:00","1","Cliente de demostración 3","CF","Dirección de demostración 1, zona 1, Ciudad de Guatemala","15546.00","0.00","0.00","15546.00","Documento interno de demostración; sin validez fiscal.","Emitida"
"2","DEMO-2026-00002","2026-08-02 12:00:00","2","Cliente de demostración 4","CF","Dirección de demostración 2, zona 2, Ciudad de Guatemala","5295.00","0.00","0.00","5295.00","Documento interno de demostración; sin validez fiscal.","Emitida"
"3","DEMO-2026-00003","2026-08-03 12:00:00","3","Cliente de demostración 5","CF","Dirección de demostración 3, zona 3, Ciudad de Guatemala","3526.00","0.00","0.00","3526.00","Documento interno de demostración; sin validez fiscal.","Emitida"
"4","DEMO-2026-00004","2026-08-04 12:00:00","4","Cliente de demostración 6","CF","Dirección de demostración 4, zona 4, Ciudad de Guatemala","15495.00","0.00","0.00","15495.00","Documento interno de demostración; sin validez fiscal.","Emitida"
"5","DEMO-2026-00005","2026-08-05 12:00:00","5","Cliente de demostración 7","CF","Dirección de demostración 5, zona 5, Ciudad de Guatemala","1406.00","0.00","0.00","1406.00","Documento interno de demostración; sin validez fiscal.","Emitida"
"6","DEMO-2026-00006","2026-08-06 12:00:00","6","Cliente de demostración 8","CF","Dirección de demostración 6, zona 6, Ciudad de Guatemala","21155.00","0.00","0.00","21155.00","Documento interno de demostración; sin validez fiscal.","Emitida"
"7","DEMO-2026-00007","2026-08-07 12:00:00","7","Cliente de demostración 9","CF","Dirección de demostración 7, zona 7, Ciudad de Guatemala","6796.00","0.00","0.00","6796.00","Documento interno de demostración; sin validez fiscal.","Emitida"
"8","DEMO-2026-00008","2026-08-08 12:00:00","8","Cliente de demostración 10","CF","Dirección de demostración 8, zona 8, Ciudad de Guatemala","1425.00","0.00","0.00","1425.00","Documento interno de demostración; sin validez fiscal.","Emitida"
"9","DEMO-2026-00009","2026-08-09 12:00:00","9","Cliente de demostración 11","CF","Dirección de demostración 9, zona 9, Ciudad de Guatemala","2146.00","0.00","0.00","2146.00","Documento interno de demostración; sin validez fiscal.","Emitida"
"10","DEMO-2026-00010","2026-08-10 12:00:00","10","Cliente de demostración 13","CF","Dirección de demostración 10, zona 10, Ciudad de Guatemala","15195.00","0.00","0.00","15195.00","Documento interno de demostración; sin validez fiscal.","Emitida"
"11","DEMO-2026-00011","2026-08-11 12:00:00","11","Cliente de demostración 14","CF","Dirección de demostración 11, zona 11, Ciudad de Guatemala","1106.00","0.00","0.00","1106.00","Documento interno de demostración; sin validez fiscal.","Emitida"
"12","DEMO-2026-00012","2026-08-12 12:00:00","12","Cliente de demostración 15","CF","Dirección de demostración 12, zona 12, Ciudad de Guatemala","1525.00","0.00","0.00","1525.00","Documento interno de demostración; sin validez fiscal.","Emitida"
"13","DEMO-2026-00013","2026-08-13 12:00:00","13","Cliente de demostración 16","CF","Dirección de demostración 13, zona 1, Ciudad de Guatemala","3796.00","0.00","0.00","3796.00","Documento interno de demostración; sin validez fiscal.","Emitida"
"14","DEMO-2026-00014","2026-08-14 12:00:00","14","Cliente de demostración 17","CF","Dirección de demostración 14, zona 2, Ciudad de Guatemala","1395.00","0.00","0.00","1395.00","Documento interno de demostración; sin validez fiscal.","Emitida"
"15","DEMO-2026-00015","2026-08-15 12:00:00","15","Cliente de demostración 18","CF","Dirección de demostración 15, zona 3, Ciudad de Guatemala","586.00","0.00","0.00","586.00","Documento interno de demostración; sin validez fiscal.","Emitida"
"16","DEMO-2026-00016","2026-08-16 12:00:00","16","Cliente de demostración 19","CF","Dirección de demostración 16, zona 4, Ciudad de Guatemala","1265.00","0.00","0.00","1265.00","Documento interno de demostración; sin validez fiscal.","Emitida"
"17","DEMO-2026-00017","2026-08-17 12:00:00","17","Cliente de demostración 20","CF","Dirección de demostración 17, zona 5, Ciudad de Guatemala","2296.00","0.00","0.00","2296.00","Documento interno de demostración; sin validez fiscal.","Emitida"
"18","DEMO-2026-00018","2026-08-18 12:00:00","18","Cliente de demostración 21","CF","Dirección de demostración 18, zona 6, Ciudad de Guatemala","1745.00","0.00","0.00","1745.00","Documento interno de demostración; sin validez fiscal.","Emitida"
"19","DEMO-2026-00019","2026-08-19 12:00:00","19","Cliente de demostración 23","CF","Dirección de demostración 19, zona 7, Ciudad de Guatemala","1166.00","0.00","0.00","1166.00","Documento interno de demostración; sin validez fiscal.","Emitida"
"20","DEMO-2026-00020","2026-08-20 12:00:00","20","Cliente de demostración 24","CF","Dirección de demostración 20, zona 8, Ciudad de Guatemala","455.00","0.00","0.00","455.00","Documento interno de demostración; sin validez fiscal.","Emitida"
"21","DEMO-2026-00021","2026-08-21 12:00:00","21","Cliente de demostración 25","CF","Dirección de demostración 21, zona 9, Ciudad de Guatemala","946.00","0.00","0.00","946.00","Documento interno de demostración; sin validez fiscal.","Emitida"
"22","DEMO-2026-00022","2026-08-22 12:00:00","22","Cliente de demostración 26","CF","Dirección de demostración 22, zona 10, Ciudad de Guatemala","1465.00","0.00","0.00","1465.00","Documento interno de demostración; sin validez fiscal.","Emitida"
"23","DEMO-2026-00023","2026-08-23 12:00:00","23","Cliente de demostración 27","CF","Dirección de demostración 23, zona 11, Ciudad de Guatemala","956.00","0.00","0.00","956.00","Documento interno de demostración; sin validez fiscal.","Emitida"
"24","DEMO-2026-00024","2026-08-24 12:00:00","24","Cliente de demostración 28","CF","Dirección de demostración 24, zona 12, Ciudad de Guatemala","645.00","0.00","0.00","645.00","Documento interno de demostración; sin validez fiscal.","Emitida"
"25","DEMO-2026-00025","2026-08-25 12:00:00","25","Cliente de demostración 29","CF","Dirección de demostración 25, zona 1, Ciudad de Guatemala","506.00","0.00","0.00","506.00","Documento interno de demostración; sin validez fiscal.","Emitida"
"26","DEMO-2026-00026","2026-08-26 12:00:00","26","Cliente de demostración 30","CF","Dirección de demostración 26, zona 2, Ciudad de Guatemala","815.00","0.00","0.00","815.00","Documento interno de demostración; sin validez fiscal.","Emitida"
"27","DEMO-2026-00027","2026-08-27 12:00:00","27","Cliente de demostración 31","CF","Dirección de demostración 27, zona 3, Ciudad de Guatemala","1026.00","0.00","0.00","1026.00","Documento interno de demostración; sin validez fiscal.","Emitida"
"28","DEMO-2026-00028","2026-08-28 12:00:00","28","Cliente de demostración 33","CF","Dirección de demostración 28, zona 4, Ciudad de Guatemala","775.00","0.00","0.00","775.00","Documento interno de demostración; sin validez fiscal.","Emitida"
"29","DEMO-2026-00029","2026-08-29 12:00:00","29","Cliente de demostración 34","CF","Dirección de demostración 29, zona 5, Ciudad de Guatemala","836.00","0.00","0.00","836.00","Documento interno de demostración; sin validez fiscal.","Emitida"
"30","DEMO-2026-00030","2026-08-30 12:00:00","30","Cliente de demostración 35","CF","Dirección de demostración 30, zona 6, Ciudad de Guatemala","635.00","0.00","0.00","635.00","Documento interno de demostración; sin validez fiscal.","Emitida"
"31","DEMO-2026-00031","2026-08-31 12:00:00","31","Cliente de demostración 36","CF","Dirección de demostración 31, zona 7, Ciudad de Guatemala","536.00","0.00","0.00","536.00","Documento interno de demostración; sin validez fiscal.","Emitida"
"32","DEMO-2026-00032","2026-09-01 12:00:00","32","Cliente de demostración 37","CF","Dirección de demostración 32, zona 8, Ciudad de Guatemala","2245.00","0.00","0.00","2245.00","Documento interno de demostración; sin validez fiscal.","Emitida"
