"UsuarioID","ProductoID","FechaAgregado"
"3","16","2026-08-02 14:00:00"
"3","17","2026-08-02 14:00:00"
"4","19","2026-08-03 14:00:00"
"4","20","2026-08-03 14:00:00"
"5","22","2026-08-04 14:00:00"
"5","23","2026-08-04 14:00:00"
"6","25","2026-08-05 14:00:00"
"6","26","2026-08-05 14:00:00"
"7","28","2026-08-06 14:00:00"
"7","29","2026-08-06 14:00:00"
"8","31","2026-08-07 14:00:00"
"8","32","2026-08-07 14:00:00"
"9","34","2026-08-08 14:00:00"
"9","35","2026-08-08 14:00:00"
"10","37","2026-08-09 14:00:00"
"10","38","2026-08-09 14:00:00"
"11","40","2026-08-10 14:00:00"
"11","41","2026-08-10 14:00:00"
"13","43","2026-08-11 14:00:00"
"13","44","2026-08-11 14:00:00"
"14","46","2026-08-12 14:00:00"
"14","47","2026-08-12 14:00:00"
"15","49","2026-08-13 14:00:00"
"15","50","2026-08-13 14:00:00"
"16","52","2026-08-14 14:00:00"
"16","53","2026-08-14 14:00:00"
"17","55","2026-08-15 14:00:00"
"17","56","2026-08-15 14:00:00"
"18","58","2026-08-16 14:00:00"
"18","59","2026-08-16 14:00:00"
"19","61","2026-08-17 14:00:00"
"19","62","2026-08-17 14:00:00"
"20","64","2026-08-18 14:00:00"
"20","65","2026-08-18 14:00:00"
"21","67","2026-08-19 14:00:00"
"21","68","2026-08-19 14:00:00"
"23","70","2026-08-20 14:00:00"
"23","71","2026-08-20 14:00:00"
"24","73","2026-08-21 14:00:00"
"24","74","2026-08-21 14:00:00"
"25","76","2026-08-22 14:00:00"
"25","77","2026-08-22 14:00:00"
"26","79","2026-08-23 14:00:00"
"26","80","2026-08-23 14:00:00"
"27","82","2026-08-24 14:00:00"
"27","83","2026-08-24 14:00:00"
"28","85","2026-08-25 14:00:00"
"28","86","2026-08-25 14:00:00"
"29","88","2026-08-26 14:00:00"
"29","89","2026-08-26 14:00:00"
"30","91","2026-08-27 14:00:00"
"30","92","2026-08-27 14:00:00"
"31","94","2026-08-28 14:00:00"
"31","95","2026-08-28 14:00:00"
"33","97","2026-08-29 14:00:00"
"33","98","2026-08-29 14:00:00"
"34","100","2026-08-30 14:00:00"
"34","101","2026-08-30 14:00:00"
"35","103","2026-08-31 14:00:00"
"35","104","2026-08-31 14:00:00"
"36","106","2026-09-01 14:00:00"
"36","107","2026-09-01 14:00:00"
"37","1","2026-09-02 14:00:00"
"37","2","2026-09-02 14:00:00"
"38","4","2026-09-03 14:00:00"
"38","5","2026-09-03 14:00:00"
"39","7","2026-09-04 14:00:00"
"39","8","2026-09-04 14:00:00"
"40","10","2026-09-05 14:00:00"
"40","11","2026-09-05 14:00:00"
"41","13","2026-09-06 14:00:00"
"41","14","2026-09-06 14:00:00"
