"OrdenID","UsuarioID","FechaOrden","DireccionPago","DireccionEnvio","Subtotal","DescuentoTotal","ImpuestoTotal","CostoEnvio","Total","Estado"
"1","3","2026-08-01 10:00:00","Dirección de demostración 1, zona 1, Ciudad de Guatemala","Dirección de demostración 1, zona 1, Ciudad de Guatemala","15546.00","0.00","0.00","0.00","15546.00","Entregada"
"2","4","2026-08-02 10:00:00","Dirección de demostración 2, zona 2, Ciudad de Guatemala","Dirección de demostración 2, zona 2, Ciudad de Guatemala","5295.00","0.00","0.00","0.00","5295.00","Entregada"
"3","5","2026-08-03 10:00:00","Dirección de demostración 3, zona 3, Ciudad de Guatemala","Dirección de demostración 3, zona 3, Ciudad de Guatemala","3526.00","0.00","0.00","0.00","3526.00","Entregada"
"4","6","2026-08-04 10:00:00","Dirección de demostración 4, zona 4, Ciudad de Guatemala","Dirección de demostración 4, zona 4, Ciudad de Guatemala","15495.00","0.00","0.00","0.00","15495.00","Entregada"
"5","7","2026-08-05 10:00:00","Dirección de demostración 5, zona 5, Ciudad de Guatemala","Dirección de demostración 5, zona 5, Ciudad de Guatemala","1406.00","0.00","0.00","0.00","1406.00","Entregada"
"6","8","2026-08-06 10:00:00","Dirección de demostración 6, zona 6, Ciudad de Guatemala","Dirección de demostración 6, zona 6, Ciudad de Guatemala","21155.00","0.00","0.00","0.00","21155.00","Entregada"
"7","9","2026-08-07 10:00:00","Dirección de demostración 7, zona 7, Ciudad de Guatemala","Dirección de demostración 7, zona 7, Ciudad de Guatemala","6796.00","0.00","0.00","0.00","6796.00","Entregada"
"8","10","2026-08-08 10:00:00","Dirección de demostración 8, zona 8, Ciudad de Guatemala","Dirección de demostración 8, zona 8, Ciudad de Guatemala","1425.00","0.00","0.00","0.00","1425.00","Entregada"
"9","11","2026-08-09 10:00:00","Dirección de demostración 9, zona 9, Ciudad de Guatemala","Dirección de demostración 9, zona 9, Ciudad de Guatemala","2146.00","0.00","0.00","0.00","2146.00","Entregada"
"10","13","2026-08-10 10:00:00","Dirección de demostración 10, zona 10, Ciudad de Guatemala","Dirección de demostración 10, zona 10, Ciudad de Guatemala","15195.00","0.00","0.00","0.00","15195.00","Entregada"
"11","14","2026-08-11 10:00:00","Dirección de demostración 11, zona 11, Ciudad de Guatemala","Dirección de demostración 11, zona 11, Ciudad de Guatemala","1106.00","0.00","0.00","0.00","1106.00","Entregada"
"12","15","2026-08-12 10:00:00","Dirección de demostración 12, zona 12, Ciudad de Guatemala","Dirección de demostración 12, zona 12, Ciudad de Guatemala","1525.00","0.00","0.00","0.00","1525.00","Entregada"
"13","16","2026-08-13 10:00:00","Dirección de demostración 13, zona 1, Ciudad de Guatemala","Dirección de demostración 13, zona 1, Ciudad de Guatemala","3796.00","0.00","0.00","0.00","3796.00","Entregada"
"14","17","2026-08-14 10:00:00","Dirección de demostración 14, zona 2, Ciudad de Guatemala","Dirección de demostración 14, zona 2, Ciudad de Guatemala","1395.00","0.00","0.00","0.00","1395.00","Entregada"
"15","18","2026-08-15 10:00:00","Dirección de demostración 15, zona 3, Ciudad de Guatemala","Dirección de demostración 15, zona 3, Ciudad de Guatemala","586.00","0.00","0.00","0.00","586.00","Entregada"
"16","19","2026-08-16 10:00:00","Dirección de demostración 16, zona 4, Ciudad de Guatemala","Dirección de demostración 16, zona 4, Ciudad de Guatemala","1265.00","0.00","0.00","0.00","1265.00","Entregada"
"17","20","2026-08-17 10:00:00","Dirección de demostración 17, zona 5, Ciudad de Guatemala","Dirección de demostración 17, zona 5, Ciudad de Guatemala","2296.00","0.00","0.00","0.00","2296.00","Entregada"
"18","21","2026-08-18 10:00:00","Dirección de demostración 18, zona 6, Ciudad de Guatemala","Dirección de demostración 18, zona 6, Ciudad de Guatemala","1745.00","0.00","0.00","0.00","1745.00","Entregada"
"19","23","2026-08-19 10:00:00","Dirección de demostración 19, zona 7, Ciudad de Guatemala","Dirección de demostración 19, zona 7, Ciudad de Guatemala","1166.00","0.00","0.00","0.00","1166.00","Enviada"
"20","24","2026-08-20 10:00:00","Dirección de demostración 20, zona 8, Ciudad de Guatemala","Dirección de demostración 20, zona 8, Ciudad de Guatemala","455.00","0.00","0.00","0.00","455.00","Enviada"
"21","25","2026-08-21 10:00:00","Dirección de demostración 21, zona 9, Ciudad de Guatemala","Dirección de demostración 21, zona 9, Ciudad de Guatemala","946.00","0.00","0.00","0.00","946.00","Enviada"
"22","26","2026-08-22 10:00:00","Dirección de demostración 22, zona 10, Ciudad de Guatemala","Dirección de demostración 22, zona 10, Ciudad de Guatemala","1465.00","0.00","0.00","0.00","1465.00","Enviada"
"23","27","2026-08-23 10:00:00","Dirección de demostración 23, zona 11, Ciudad de Guatemala","Dirección de demostración 23, zona 11, Ciudad de Guatemala","956.00","0.00","0.00","0.00","956.00","Enviada"
"24","28","2026-08-24 10:00:00","Dirección de demostración 24, zona 12, Ciudad de Guatemala","Dirección de demostración 24, zona 12, Ciudad de Guatemala","645.00","0.00","0.00","0.00","645.00","Procesando"
"25","29","2026-08-25 10:00:00","Dirección de demostración 25, zona 1, Ciudad de Guatemala","Dirección de demostración 25, zona 1, Ciudad de Guatemala","506.00","0.00","0.00","0.00","506.00","Procesando"
"26","30","2026-08-26 10:00:00","Dirección de demostración 26, zona 2, Ciudad de Guatemala","Dirección de demostración 26, zona 2, Ciudad de Guatemala","815.00","0.00","0.00","0.00","815.00","Procesando"
"27","31","2026-08-27 10:00:00","Dirección de demostración 27, zona 3, Ciudad de Guatemala","Dirección de demostración 27, zona 3, Ciudad de Guatemala","1026.00","0.00","0.00","0.00","1026.00","Procesando"
"28","33","2026-08-28 10:00:00","Dirección de demostración 28, zona 4, Ciudad de Guatemala","Dirección de demostración 28, zona 4, Ciudad de Guatemala","775.00","0.00","0.00","0.00","775.00","Procesando"
"29","34","2026-08-29 10:00:00","Dirección de demostración 29, zona 5, Ciudad de Guatemala","Dirección de demostración 29, zona 5, Ciudad de Guatemala","836.00","0.00","0.00","0.00","836.00","Confirmada"
"30","35","2026-08-30 10:00:00","Dirección de demostración 30, zona 6, Ciudad de Guatemala","Dirección de demostración 30, zona 6, Ciudad de Guatemala","635.00","0.00","0.00","0.00","635.00","Confirmada"
"31","36","2026-08-31 10:00:00","Dirección de demostración 31, zona 7, Ciudad de Guatemala","Dirección de demostración 31, zona 7, Ciudad de Guatemala","536.00","0.00","0.00","0.00","536.00","Confirmada"
"32","37","2026-09-01 10:00:00","Dirección de demostración 32, zona 8, Ciudad de Guatemala","Dirección de demostración 32, zona 8, Ciudad de Guatemala","2245.00","0.00","0.00","0.00","2245.00","Confirmada"
"33","38","2026-09-02 10:00:00","Dirección de demostración 33, zona 9, Ciudad de Guatemala","Dirección de demostración 33, zona 9, Ciudad de Guatemala","256.00","0.00","0.00","0.00","256.00","Pendiente"
"34","39","2026-09-03 10:00:00","Dirección de demostración 34, zona 10, Ciudad de Guatemala","Dirección de demostración 34, zona 10, Ciudad de Guatemala","555.00","0.00","0.00","0.00","555.00","Pendiente"
"35","40","2026-09-04 10:00:00","Dirección de demostración 35, zona 11, Ciudad de Guatemala","Dirección de demostración 35, zona 11, Ciudad de Guatemala","496.00","0.00","0.00","0.00","496.00","Cancelada"
"36","41","2026-09-05 10:00:00","Dirección de demostración 36, zona 12, Ciudad de Guatemala","Dirección de demostración 36, zona 12, Ciudad de Guatemala","565.00","0.00","0.00","0.00","565.00","Cancelada"
