"PagoID","OrdenID","FechaPago","Monto","MetodoPago","ReferenciaPago","Notas","Estado"
"1","1","2026-08-01 11:00:00","15546.00","Tarjeta","DEMO-PAGO-0001","Pago simulado; no representa un cobro real.","Completado"
"2","2","2026-08-02 11:00:00","5295.00","Transferencia","DEMO-PAGO-0002","Pago simulado; no representa un cobro real.","Completado"
"3","3","2026-08-03 11:00:00","3526.00","Tarjeta","DEMO-PAGO-0003","Pago simulado; no representa un cobro real.","Completado"
"4","4","2026-08-04 11:00:00","15495.00","Transferencia","DEMO-PAGO-0004","Pago simulado; no representa un cobro real.","Completado"
"5","5","2026-08-05 11:00:00","1406.00","Tarjeta","DEMO-PAGO-0005","Pago simulado; no representa un cobro real.","Completado"
"6","6","2026-08-06 11:00:00","21155.00","Transferencia","DEMO-PAGO-0006","Pago simulado; no representa un cobro real.","Completado"
"7","7","2026-08-07 11:00:00","6796.00","Tarjeta","DEMO-PAGO-0007","Pago simulado; no representa un cobro real.","Completado"
"8","8","2026-08-08 11:00:00","1425.00","Transferencia","DEMO-PAGO-0008","Pago simulado; no representa un cobro real.","Completado"
"9","9","2026-08-09 11:00:00","2146.00","Tarjeta","DEMO-PAGO-0009","Pago simulado; no representa un cobro real.","Completado"
"10","10","2026-08-10 11:00:00","15195.00","Transferencia","DEMO-PAGO-0010","Pago simulado; no representa un cobro real.","Completado"
"11","11","2026-08-11 11:00:00","1106.00","Tarjeta","DEMO-PAGO-0011","Pago simulado; no representa un cobro real.","Completado"
"12","12","2026-08-12 11:00:00","1525.00","Transferencia","DEMO-PAGO-0012","Pago simulado; no representa un cobro real.","Completado"
"13","13","2026-08-13 11:00:00","3796.00","Tarjeta","DEMO-PAGO-0013","Pago simulado; no representa un cobro real.","Completado"
"14","14","2026-08-14 11:00:00","1395.00","Transferencia","DEMO-PAGO-0014","Pago simulado; no representa un cobro real.","Completado"
"15","15","2026-08-15 11:00:00","586.00","Tarjeta","DEMO-PAGO-0015","Pago simulado; no representa un cobro real.","Completado"
"16","16","2026-08-16 11:00:00","1265.00","Transferencia","DEMO-PAGO-0016","Pago simulado; no representa un cobro real.","Completado"
"17","17","2026-08-17 11:00:00","2296.00","Tarjeta","DEMO-PAGO-0017","Pago simulado; no representa un cobro real.","Completado"
"18","18","2026-08-18 11:00:00","1745.00","Transferencia","DEMO-PAGO-0018","Pago simulado; no representa un cobro real.","Completado"
"19","19","2026-08-19 11:00:00","1166.00","Tarjeta","DEMO-PAGO-0019","Pago simulado; no representa un cobro real.","Completado"
"20","20","2026-08-20 11:00:00","455.00","Transferencia","DEMO-PAGO-0020","Pago simulado; no representa un cobro real.","Completado"
"21","21","2026-08-21 11:00:00","946.00","Tarjeta","DEMO-PAGO-0021","Pago simulado; no representa un cobro real.","Completado"
"22","22","2026-08-22 11:00:00","1465.00","Transferencia","DEMO-PAGO-0022","Pago simulado; no representa un cobro real.","Completado"
"23","23","2026-08-23 11:00:00","956.00","Tarjeta","DEMO-PAGO-0023","Pago simulado; no representa un cobro real.","Completado"
"24","24","2026-08-24 11:00:00","645.00","Transferencia","DEMO-PAGO-0024","Pago simulado; no representa un cobro real.","Completado"
"25","25","2026-08-25 11:00:00","506.00","Tarjeta","DEMO-PAGO-0025","Pago simulado; no representa un cobro real.","Completado"
"26","26","2026-08-26 11:00:00","815.00","Transferencia","DEMO-PAGO-0026","Pago simulado; no representa un cobro real.","Completado"
"27","27","2026-08-27 11:00:00","1026.00","Tarjeta","DEMO-PAGO-0027","Pago simulado; no representa un cobro real.","Completado"
"28","28","2026-08-28 11:00:00","775.00","Transferencia","DEMO-PAGO-0028","Pago simulado; no representa un cobro real.","Completado"
"29","29","2026-08-29 11:00:00","836.00","Tarjeta","DEMO-PAGO-0029","Pago simulado; no representa un cobro real.","Completado"
"30","30","2026-08-30 11:00:00","635.00","Transferencia","DEMO-PAGO-0030","Pago simulado; no representa un cobro real.","Completado"
"31","31","2026-08-31 11:00:00","536.00","Tarjeta","DEMO-PAGO-0031","Pago simulado; no representa un cobro real.","Completado"
"32","32","2026-09-01 11:00:00","2245.00","Transferencia","DEMO-PAGO-0032","Pago simulado; no representa un cobro real.","Completado"
"33","33","2026-09-02 11:00:00","256.00","Tarjeta","DEMO-PAGO-0033","Pago simulado; no representa un cobro real.","Pendiente"
"34","34","2026-09-03 11:00:00","555.00","Transferencia","DEMO-PAGO-0034","Pago simulado; no representa un cobro real.","Pendiente"
