"ProductoID","CategoriaID","SKU","Nombre","Descripcion","Precio","Cantidad","Imagen","Estado","FechaRegistro"
"1","13","TA-00001","Smartphone Nova X 256 GB","Smartphone Nova X 256 GB. Producto de demostración para el catálogo de TodoAquí.","3299","27","/productos/smartphone.jpg","Activo","01/07/2026 09:00"
"2","16","TA-00002","Laptop Air 14” 16 GB RAM","Laptop Air 14” 16 GB RAM. Producto de demostración para el catálogo de TodoAquí.","5799","34","/productos/laptop.jpg","Activo","01/07/2026 09:00"
"3","19","TA-00003","Audífonos Wave Pro ANC","Audífonos Wave Pro ANC. Producto de demostración para el catálogo de TodoAquí.","649","41","/productos/headsets.jpg","Activo","01/07/2026 09:00"
"4","22","TA-00004","Teclado Mecánico RGB","Teclado Mecánico RGB. Producto de demostración para el catálogo de TodoAquí.","499","48","/productos/rgb-keyboard.jpg","Activo","01/07/2026 09:00"
"5","34","TA-00005","Smartwatch Active S","Smartwatch Active S. Producto de demostración para el catálogo de TodoAquí.","899","55","/productos/smartwatch.jpg","Activo","01/07/2026 09:00"
"6","17","TA-00006","Monitor UltraView 27”","Monitor UltraView 27”. Producto de demostración para el catálogo de TodoAquí.","1699","62","/productos/computer-monitor.png","Activo","01/07/2026 09:00"
"7","20","TA-00007","Bocina Pulse Bluetooth","Bocina Pulse Bluetooth. Producto de demostración para el catálogo de TodoAquí.","429","69","/productos/bluetooth-speaker.jpg","Activo","01/07/2026 09:00"
"8","25","TA-00008","Cámara Home Secure 2K","Cámara Home Secure 2K. Producto de demostración para el catálogo de TodoAquí.","599","76","/productos/indoor-ip-camera.jpg","Activo","01/07/2026 09:00"
"9","13","TA-00009","Smartphone Nova Lite 128 GB","Smartphone Nova Lite 128 GB. Producto de demostración para el catálogo de TodoAquí.","1899","83","/productos/smartphone.jpg","Activo","01/07/2026 09:00"
"10","13","TA-00010","Smartphone Aurora 512 GB","Smartphone Aurora 512 GB. Producto de demostración para el catálogo de TodoAquí.","4599","25","/productos/smartphone.jpg","Activo","01/07/2026 09:00"
"11","14","TA-00011","Tablet Estudio 10 pulgadas","Tablet Estudio 10 pulgadas. Producto de demostración para el catálogo de TodoAquí.","1299","32","/productos/tablet-computer.jpg","Activo","01/07/2026 09:00"
"12","14","TA-00012","Tablet Dibujo 12 pulgadas","Tablet Dibujo 12 pulgadas. Producto de demostración para el catálogo de TodoAquí.","2499","39","/productos/graphics-tablet-pen.jpg","Activo","01/07/2026 09:00"
"13","14","TA-00013","Tablet Infantil 8 pulgadas","Tablet Infantil 8 pulgadas. Producto de demostración para el catálogo de TodoAquí.","899","46","/productos/tablet-computer.jpg","Activo","01/07/2026 09:00"
"14","15","TA-00014","Cargador USB-C 30 W","Cargador USB-C 30 W. Producto de demostración para el catálogo de TodoAquí.","129","53","/productos/usb-c-charger.jpg","Activo","01/07/2026 09:00"
"15","15","TA-00015","Batería portátil 20000 mAh","Batería portátil 20000 mAh. Producto de demostración para el catálogo de TodoAquí.","249","60","/productos/power-bank.jpg","Activo","01/07/2026 09:00"
"16","15","TA-00016","Cargador inalámbrico 15 W","Cargador inalámbrico 15 W. Producto de demostración para el catálogo de TodoAquí.","179","67","/productos/wireless-charger.png","Activo","01/07/2026 09:00"
"17","16","TA-00017","Laptop Aula 15 pulgadas","Laptop Aula 15 pulgadas. Producto de demostración para el catálogo de TodoAquí.","3799","74","/productos/laptop.jpg","Activo","01/07/2026 09:00"
"18","16","TA-00018","Laptop Diseño 16 pulgadas","Laptop Diseño 16 pulgadas. Producto de demostración para el catálogo de TodoAquí.","8499","81","/productos/laptop.jpg","Activo","01/07/2026 09:00"
"19","17","TA-00019","Monitor Oficina 24 pulgadas","Monitor Oficina 24 pulgadas. Producto de demostración para el catálogo de TodoAquí.","1199","23","/productos/computer-monitor.png","Activo","01/07/2026 09:00"
"20","17","TA-00020","Monitor Curvo 32 pulgadas","Monitor Curvo 32 pulgadas. Producto de demostración para el catálogo de TodoAquí.","2499","30","/productos/curved-monitor.jpg","Activo","01/07/2026 09:00"
"21","18","TA-00021","SSD NVMe 1 TB","SSD NVMe 1 TB. Producto de demostración para el catálogo de TodoAquí.","599","37","/productos/nvme-ssd.jpg","Activo","01/07/2026 09:00"
"22","18","TA-00022","Memoria USB 128 GB","Memoria USB 128 GB. Producto de demostración para el catálogo de TodoAquí.","89","44","/productos/usb-flash-drive.jpg","Activo","01/07/2026 09:00"
"23","18","TA-00023","Disco externo 2 TB","Disco externo 2 TB. Producto de demostración para el catálogo de TodoAquí.","749","51","/productos/external-hard-disk.jpg","Activo","01/07/2026 09:00"
"24","19","TA-00024","Audífonos Studio Cable","Audífonos Studio Cable. Producto de demostración para el catálogo de TodoAquí.","249","58","/productos/headphones.jpg","Activo","01/07/2026 09:00"
"25","19","TA-00025","Audífonos Mini Inalámbricos","Audífonos Mini Inalámbricos. Producto de demostración para el catálogo de TodoAquí.","349","65","/productos/wireless-earbuds.jpg","Activo","01/07/2026 09:00"
"26","20","TA-00026","Bocina Fiesta 40 W","Bocina Fiesta 40 W. Producto de demostración para el catálogo de TodoAquí.","799","72","/productos/bluetooth-speaker.jpg","Activo","01/07/2026 09:00"
"27","20","TA-00027","Bocina Compacta 10 W","Bocina Compacta 10 W. Producto de demostración para el catálogo de TodoAquí.","199","79","/productos/bluetooth-speaker.jpg","Activo","01/07/2026 09:00"
"28","21","TA-00028","Televisor Smart 32 pulgadas","Televisor Smart 32 pulgadas. Producto de demostración para el catálogo de TodoAquí.","1699","21","/productos/flat-screen-television.jpg","Activo","01/07/2026 09:00"
"29","21","TA-00029","Televisor Smart 43 pulgadas","Televisor Smart 43 pulgadas. Producto de demostración para el catálogo de TodoAquí.","2799","28","/productos/flat-screen-television.jpg","Activo","01/07/2026 09:00"
"30","21","TA-00030","Televisor UHD 55 pulgadas","Televisor UHD 55 pulgadas. Producto de demostración para el catálogo de TodoAquí.","4499","35","/productos/flat-screen-television.jpg","Activo","01/07/2026 09:00"
"31","22","TA-00031","Teclado Compacto 60 por ciento","Teclado Compacto 60 por ciento. Producto de demostración para el catálogo de TodoAquí.","399","42","/productos/compact-mechanical-keyboard.jpg","Activo","01/07/2026 09:00"
"32","22","TA-00032","Teclado Membrana Retroiluminado","Teclado Membrana Retroiluminado. Producto de demostración para el catálogo de TodoAquí.","229","49","/productos/computer-keyboard-backlight.jpg","Activo","01/07/2026 09:00"
"33","23","TA-00033","Ratón Precisión 12000 DPI","Ratón Precisión 12000 DPI. Producto de demostración para el catálogo de TodoAquí.","249","56","/productos/gaming-mouse.jpg","Activo","01/07/2026 09:00"
"34","23","TA-00034","Ratón Inalámbrico Arena","Ratón Inalámbrico Arena. Producto de demostración para el catálogo de TodoAquí.","349","63","/productos/gaming-mouse.jpg","Activo","01/07/2026 09:00"
"35","23","TA-00035","Ratón Ligero Competición","Ratón Ligero Competición. Producto de demostración para el catálogo de TodoAquí.","429","70","/productos/gaming-mouse.jpg","Activo","01/07/2026 09:00"
"36","24","TA-00036","Control USB Universal","Control USB Universal. Producto de demostración para el catálogo de TodoAquí.","199","77","/productos/game-controller.jpg","Activo","01/07/2026 09:00"
"37","24","TA-00037","Control Bluetooth Pro","Control Bluetooth Pro. Producto de demostración para el catálogo de TodoAquí.","399","84","/productos/game-controller.jpg","Activo","01/07/2026 09:00"
"38","24","TA-00038","Volante de Carreras Básico","Volante de Carreras Básico. Producto de demostración para el catálogo de TodoAquí.","1299","26","/productos/racing-wheel-controller.jpg","Activo","01/07/2026 09:00"
"39","25","TA-00039","Cámara Exterior IP65","Cámara Exterior IP65. Producto de demostración para el catálogo de TodoAquí.","799","33","/productos/outdoor-surveillance-camera.jpg","Activo","01/07/2026 09:00"
"40","25","TA-00040","Cámara Interior Giratoria","Cámara Interior Giratoria. Producto de demostración para el catálogo de TodoAquí.","449","40","/productos/indoor-ip-camera.jpg","Activo","01/07/2026 09:00"
"41","26","TA-00041","Bombilla Wi-Fi RGB","Bombilla Wi-Fi RGB. Producto de demostración para el catálogo de TodoAquí.","99","47","/productos/smart-light-bulb.jpg","Activo","01/07/2026 09:00"
"42","26","TA-00042","Tira LED Inteligente 5 m","Tira LED Inteligente 5 m. Producto de demostración para el catálogo de TodoAquí.","199","54","/productos/led-strip.jpg","Activo","01/07/2026 09:00"
"43","26","TA-00043","Enchufe Inteligente Wi-Fi","Enchufe Inteligente Wi-Fi. Producto de demostración para el catálogo de TodoAquí.","149","61","/productos/smart-plug.jpg","Activo","01/07/2026 09:00"
"44","27","TA-00044","Sensor de Puerta Wi-Fi","Sensor de Puerta Wi-Fi. Producto de demostración para el catálogo de TodoAquí.","129","68","/productos/door-window-sensor.jpg","Activo","01/07/2026 09:00"
"45","27","TA-00045","Sensor de Movimiento Interior","Sensor de Movimiento Interior. Producto de demostración para el catálogo de TodoAquí.","179","75","/productos/pir-motion-sensor.jpg","Activo","01/07/2026 09:00"
"46","27","TA-00046","Detector de Fugas de Agua","Detector de Fugas de Agua. Producto de demostración para el catálogo de TodoAquí.","159","82","/productos/water-leak-detector.jpg","Activo","01/07/2026 09:00"
"47","28","TA-00047","Licuadora Familiar 1.5 L","Licuadora Familiar 1.5 L. Producto de demostración para el catálogo de TodoAquí.","349","24","/productos/blender-appliance.jpg","Activo","01/07/2026 09:00"
"48","28","TA-00048","Cafetera de Goteo 12 Tazas","Cafetera de Goteo 12 Tazas. Producto de demostración para el catálogo de TodoAquí.","299","31","/productos/drip-coffee-maker.jpg","Activo","01/07/2026 09:00"
"49","28","TA-00049","Freidora de Aire 5 L","Freidora de Aire 5 L. Producto de demostración para el catálogo de TodoAquí.","799","38","/productos/air-fryer.jpg","Activo","01/07/2026 09:00"
"50","29","TA-00050","Aspiradora Compacta 1200 W","Aspiradora Compacta 1200 W. Producto de demostración para el catálogo de TodoAquí.","599","45","/productos/canister-vacuum-cleaner.jpg","Activo","01/07/2026 09:00"
"51","29","TA-00051","Aspiradora de Mano Recargable","Aspiradora de Mano Recargable. Producto de demostración para el catálogo de TodoAquí.","299","52","/productos/handheld-vacuum-cleaner.jpg","Activo","01/07/2026 09:00"
"52","29","TA-00052","Limpiador a Vapor Doméstico","Limpiador a Vapor Doméstico. Producto de demostración para el catálogo de TodoAquí.","649","59","/productos/steam-cleaner.jpg","Activo","01/07/2026 09:00"
"53","30","TA-00053","Ventilador de Pedestal 16 pulgadas","Ventilador de Pedestal 16 pulgadas. Producto de demostración para el catálogo de TodoAquí.","249","66","/productos/pedestal-fan.jpg","Activo","01/07/2026 09:00"
"54","30","TA-00054","Ventilador de Escritorio USB","Ventilador de Escritorio USB. Producto de demostración para el catálogo de TodoAquí.","99","73","/productos/usb-fan.jpg","Activo","01/07/2026 09:00"
"55","30","TA-00055","Ventilador de Torre 80 cm","Ventilador de Torre 80 cm. Producto de demostración para el catálogo de TodoAquí.","449","80","/productos/tower-fan.jpg","Activo","01/07/2026 09:00"
"56","31","TA-00056","Juego de Sartenes Antiadherentes","Juego de Sartenes Antiadherentes. Producto de demostración para el catálogo de TodoAquí.","299","22","/productos/frying-pans.jpg","Activo","01/07/2026 09:00"
"57","31","TA-00057","Juego de Utensilios de Silicona","Juego de Utensilios de Silicona. Producto de demostración para el catálogo de TodoAquí.","119","29","/productos/silicone-kitchen-utensils.jpg","Activo","01/07/2026 09:00"
"58","31","TA-00058","Tabla de Cortar de Bambú","Tabla de Cortar de Bambú. Producto de demostración para el catálogo de TodoAquí.","89","36","/productos/bamboo-cutting-board.jpg","Activo","01/07/2026 09:00"
"59","32","TA-00059","Organizador Modular de Cajones","Organizador Modular de Cajones. Producto de demostración para el catálogo de TodoAquí.","79","43","/productos/drawer-organizer.jpg","Activo","01/07/2026 09:00"
"60","32","TA-00060","Caja Plegable de Almacenamiento","Caja Plegable de Almacenamiento. Producto de demostración para el catálogo de TodoAquí.","99","50","/productos/folding-storage-box.jpg","Activo","01/07/2026 09:00"
"61","32","TA-00061","Estante Metálico de 4 Niveles","Estante Metálico de 4 Niveles. Producto de demostración para el catálogo de TodoAquí.","349","57","/productos/metal-shelving.jpg","Activo","01/07/2026 09:00"
"62","33","TA-00062","Juego de Sábanas Matrimonial","Juego de Sábanas Matrimonial. Producto de demostración para el catálogo de TodoAquí.","249","64","/productos/bed-sheets.jpg","Activo","01/07/2026 09:00"
"63","33","TA-00063","Almohada de Microfibra","Almohada de Microfibra. Producto de demostración para el catálogo de TodoAquí.","99","71","/productos/pillow.jpg","Activo","01/07/2026 09:00"
"64","33","TA-00064","Cobertor Ligero Individual","Cobertor Ligero Individual. Producto de demostración para el catálogo de TodoAquí.","159","78","/productos/blanket.jpg","Activo","01/07/2026 09:00"
"65","34","TA-00065","Reloj Deportivo Track","Reloj Deportivo Track. Producto de demostración para el catálogo de TodoAquí.","549","20","/productos/smartwatch.jpg","Activo","01/07/2026 09:00"
"66","34","TA-00066","Pulsera de Actividad Fit","Pulsera de Actividad Fit. Producto de demostración para el catálogo de TodoAquí.","299","27","/productos/fitness-tracker.jpg","Activo","01/07/2026 09:00"
"67","35","TA-00067","Mochila Urbana para Laptop","Mochila Urbana para Laptop. Producto de demostración para el catálogo de TodoAquí.","249","34","/productos/laptop-backpack.jpg","Activo","01/07/2026 09:00"
"68","35","TA-00068","Mochila Escolar Reforzada","Mochila Escolar Reforzada. Producto de demostración para el catálogo de TodoAquí.","179","41","/productos/school-backpack.jpg","Activo","01/07/2026 09:00"
"69","35","TA-00069","Mochila de Viaje 35 L","Mochila de Viaje 35 L. Producto de demostración para el catálogo de TodoAquí.","349","48","/productos/travel-backpack.jpg","Activo","01/07/2026 09:00"
"70","36","TA-00070","Bolso Casual de Lona","Bolso Casual de Lona. Producto de demostración para el catálogo de TodoAquí.","149","55","/productos/canvas-tote-bag.jpg","Activo","01/07/2026 09:00"
"71","36","TA-00071","Cartera Compacta Unisex","Cartera Compacta Unisex. Producto de demostración para el catálogo de TodoAquí.","89","62","/productos/wallet.jpg","Activo","01/07/2026 09:00"
"72","36","TA-00072","Bolso Cruzado Impermeable","Bolso Cruzado Impermeable. Producto de demostración para el catálogo de TodoAquí.","129","69","/productos/crossbody-bag.jpg","Activo","01/07/2026 09:00"
"73","37","TA-00073","Casco de Ciclismo Ajustable","Casco de Ciclismo Ajustable. Producto de demostración para el catálogo de TodoAquí.","229","76","/productos/bicycle-helmet.jpg","Activo","01/07/2026 09:00"
"74","37","TA-00074","Luz Recargable para Bicicleta","Luz Recargable para Bicicleta. Producto de demostración para el catálogo de TodoAquí.","99","83","/productos/bicycle-light.jpg","Activo","01/07/2026 09:00"
"75","37","TA-00075","Bomba de Aire Portátil","Bomba de Aire Portátil. Producto de demostración para el catálogo de TodoAquí.","79","25","/productos/bicycle-pump.jpg","Activo","01/07/2026 09:00"
"76","38","TA-00076","Par de Mancuernas 5 kg","Par de Mancuernas 5 kg. Producto de demostración para el catálogo de TodoAquí.","249","32","/productos/dumbbells.jpg","Activo","01/07/2026 09:00"
"77","38","TA-00077","Bandas de Resistencia Set","Bandas de Resistencia Set. Producto de demostración para el catálogo de TodoAquí.","119","39","/productos/resistance-bands.jpg","Activo","01/07/2026 09:00"
"78","38","TA-00078","Colchoneta de Yoga 6 mm","Colchoneta de Yoga 6 mm. Producto de demostración para el catálogo de TodoAquí.","99","46","/productos/yoga-mat.png","Activo","01/07/2026 09:00"
"79","39","TA-00079","Tienda de Campaña para 2 Personas","Tienda de Campaña para 2 Personas. Producto de demostración para el catálogo de TodoAquí.","599","53","/productos/camping-tent.jpg","Activo","01/07/2026 09:00"
"80","39","TA-00080","Linterna LED Recargable","Linterna LED Recargable. Producto de demostración para el catálogo de TodoAquí.","149","60","/productos/led-flashlight.jpg","Activo","01/07/2026 09:00"
"81","39","TA-00081","Botella Térmica de 750 ml","Botella Térmica de 750 ml. Producto de demostración para el catálogo de TodoAquí.","129","67","/productos/vacuum-flask.jpg","Activo","01/07/2026 09:00"
"82","40","TA-00082","Cepillo Dental Eléctrico","Cepillo Dental Eléctrico. Producto de demostración para el catálogo de TodoAquí.","199","74","/productos/electric-toothbrush.jpg","Activo","01/07/2026 09:00"
"83","40","TA-00083","Kit de Aseo de Viaje","Kit de Aseo de Viaje. Producto de demostración para el catálogo de TodoAquí.","79","81","/productos/toiletry-bag.jpg","Activo","01/07/2026 09:00"
"84","40","TA-00084","Dispensador de Jabón Recargable","Dispensador de Jabón Recargable. Producto de demostración para el catálogo de TodoAquí.","149","23","/productos/soap-dispenser.jpg","Activo","01/07/2026 09:00"
"85","41","TA-00085","Secadora Compacta 1800 W","Secadora Compacta 1800 W. Producto de demostración para el catálogo de TodoAquí.","229","30","/productos/hair-dryer.jpg","Activo","01/07/2026 09:00"
"86","41","TA-00086","Plancha Cerámica para Cabello","Plancha Cerámica para Cabello. Producto de demostración para el catálogo de TodoAquí.","279","37","/productos/hair-straightener.jpg","Activo","01/07/2026 09:00"
"87","41","TA-00087","Cepillo Desenredante","Cepillo Desenredante. Producto de demostración para el catálogo de TodoAquí.","49","44","/productos/hair-brush.jpg","Activo","01/07/2026 09:00"
"88","42","TA-00088","Rodillo Facial de Cuarzo","Rodillo Facial de Cuarzo. Producto de demostración para el catálogo de TodoAquí.","89","51","/productos/facial-roller.jpg","Activo","01/07/2026 09:00"
"89","42","TA-00089","Espejo de Tocador LED","Espejo de Tocador LED. Producto de demostración para el catálogo de TodoAquí.","199","58","/productos/makeup-mirror.jpg","Activo","01/07/2026 09:00"
"90","42","TA-00090","Cepillo Facial de Silicona","Cepillo Facial de Silicona. Producto de demostración para el catálogo de TodoAquí.","129","65","/productos/silicone-facial-brush.jpg","Activo","01/07/2026 09:00"
"91","43","TA-00091","Juego de Destornilladores 12 Piezas","Juego de Destornilladores 12 Piezas. Producto de demostración para el catálogo de TodoAquí.","129","72","/productos/screwdriver-set.jpg","Activo","01/07/2026 09:00"
"92","43","TA-00092","Martillo de Uña 16 oz","Martillo de Uña 16 oz. Producto de demostración para el catálogo de TodoAquí.","79","79","/productos/claw-hammer.jpg","Activo","01/07/2026 09:00"
"93","43","TA-00093","Juego de Llaves Combinadas","Juego de Llaves Combinadas. Producto de demostración para el catálogo de TodoAquí.","249","21","/productos/combination-wrenches.jpg","Activo","01/07/2026 09:00"
"94","44","TA-00094","Taladro Inalámbrico 20 V","Taladro Inalámbrico 20 V. Producto de demostración para el catálogo de TodoAquí.","699","28","/productos/cordless-drill.jpg","Activo","01/07/2026 09:00"
"95","44","TA-00095","Lijadora Orbital 240 W","Lijadora Orbital 240 W. Producto de demostración para el catálogo de TodoAquí.","449","35","/productos/orbital-sander.jpg","Activo","01/07/2026 09:00"
"96","44","TA-00096","Atornillador Recargable 4 V","Atornillador Recargable 4 V. Producto de demostración para el catálogo de TodoAquí.","199","42","/productos/electric-screwdriver.jpg","Activo","01/07/2026 09:00"
"97","45","TA-00097","Gafas de Protección Transparentes","Gafas de Protección Transparentes. Producto de demostración para el catálogo de TodoAquí.","49","49","/productos/safety-glasses.jpg","Activo","01/07/2026 09:00"
"98","45","TA-00098","Guantes de Trabajo Reforzados","Guantes de Trabajo Reforzados. Producto de demostración para el catálogo de TodoAquí.","59","56","/productos/work-gloves.jpg","Activo","01/07/2026 09:00"
"99","45","TA-00099","Casco de Seguridad Ajustable","Casco de Seguridad Ajustable. Producto de demostración para el catálogo de TodoAquí.","89","63","/productos/hard-hat.jpg","Activo","01/07/2026 09:00"
"100","46","TA-00100","Alimento Seco para Perro 3 kg","Alimento Seco para Perro 3 kg. Producto de demostración para el catálogo de TodoAquí.","159","70","/productos/dry-dog-food.jpg","Activo","01/07/2026 09:00"
"101","46","TA-00101","Alimento Seco para Gato 1.5 kg","Alimento Seco para Gato 1.5 kg. Producto de demostración para el catálogo de TodoAquí.","139","77","/productos/dry-cat-food.jpg","Activo","01/07/2026 09:00"
"102","46","TA-00102","Premios para Perro 200 g","Premios para Perro 200 g. Producto de demostración para el catálogo de TodoAquí.","49","84","/productos/dog-treats.jpg","Activo","01/07/2026 09:00"
"103","47","TA-00103","Pelota Resistente para Perro","Pelota Resistente para Perro. Producto de demostración para el catálogo de TodoAquí.","39","26","/productos/dog-ball-toy.jpg","Activo","01/07/2026 09:00"
"104","47","TA-00104","Rascador Compacto para Gato","Rascador Compacto para Gato. Producto de demostración para el catálogo de TodoAquí.","199","33","/productos/cat-scratching-post.jpg","Activo","01/07/2026 09:00"
"105","47","TA-00105","Juguete Interactivo con Cuerda","Juguete Interactivo con Cuerda. Producto de demostración para el catálogo de TodoAquí.","59","40","/productos/dog-rope-toy.jpg","Activo","01/07/2026 09:00"
"106","48","TA-00106","Correa Ajustable 1.5 m","Correa Ajustable 1.5 m. Producto de demostración para el catálogo de TodoAquí.","69","47","/productos/dog-leash.jpg","Activo","01/07/2026 09:00"
"107","48","TA-00107","Cama Lavable para Mascota","Cama Lavable para Mascota. Producto de demostración para el catálogo de TodoAquí.","249","54","/productos/dog-bed.jpg","Activo","01/07/2026 09:00"
"108","48","TA-00108","Comedero Doble Antideslizante","Comedero Doble Antideslizante. Producto de demostración para el catálogo de TodoAquí.","89","61","/productos/double-pet-bowl.jpg","Activo","01/07/2026 09:00"
