"ProductoID","PromocionID"
"1","1"
"9","1"
"10","1"
"11","1"
"12","1"
"13","1"
"14","1"
"15","1"
"16","1"
"2","2"
"6","2"
"17","2"
"18","2"
"19","2"
"20","2"
"21","2"
"22","2"
"23","2"
"3","3"
"7","3"
"24","3"
"25","3"
"26","3"
"27","3"
"28","3"
"29","3"
"30","3"
"4","4"
"31","4"
"32","4"
"33","4"
"34","4"
"35","4"
"36","4"
"37","4"
"38","4"
"8","5"
"39","5"
"40","5"
"41","5"
"42","5"
"43","5"
"44","5"
"45","5"
"46","5"
"47","6"
"48","6"
"49","6"
"50","6"
"51","6"
"52","6"
"53","6"
"54","6"
"55","6"
"56","7"
"57","7"
"58","7"
"59","7"
"60","7"
"61","7"
"62","7"
"63","7"
"64","7"
"5","8"
"65","8"
"66","8"
"67","8"
"68","8"
"69","8"
"70","8"
"71","8"
"72","8"
"73","9"
"74","9"
"75","9"
"76","9"
"77","9"
"78","9"
"79","9"
"80","9"
"81","9"
"82","10"
"83","10"
"84","10"
"85","10"
"86","10"
"87","10"
"88","10"
"89","10"
"90","10"
"91","11"
"92","11"
"93","11"
"94","11"
"95","11"
"96","11"
"97","11"
"98","11"
"99","11"
"100","12"
"101","12"
"102","12"
"103","12"
"104","12"
"105","12"
"106","12"
"107","12"
"108","12"
