"ProductoID","ProveedorID","CostoCompra","EsPrincipal"
"1","1","2309.30","1"
"2","2","4059.30","1"
"3","3","454.30","1"
"4","4","349.30","1"
"5","8","629.30","1"
"6","2","1189.30","1"
"7","3","300.30","1"
"8","5","419.30","1"
"9","1","1329.30","1"
"10","1","3219.30","1"
"11","1","909.30","1"
"12","1","1749.30","1"
"13","1","629.30","1"
"14","1","90.30","1"
"15","1","174.30","1"
"16","1","125.30","1"
"17","2","2659.30","1"
"18","2","5949.30","1"
"19","2","839.30","1"
"20","2","1749.30","1"
"21","2","419.30","1"
"22","2","62.30","1"
"23","2","524.30","1"
"24","3","174.30","1"
"25","3","244.30","1"
"26","3","559.30","1"
"27","3","139.30","1"
"28","3","1189.30","1"
"29","3","1959.30","1"
"30","3","3149.30","1"
"31","4","279.30","1"
"32","4","160.30","1"
"33","4","174.30","1"
"34","4","244.30","1"
"35","4","300.30","1"
"36","4","139.30","1"
"37","4","279.30","1"
"38","4","909.30","1"
"39","5","559.30","1"
"40","5","314.30","1"
"41","5","69.30","1"
"42","5","139.30","1"
"43","5","104.30","1"
"44","5","90.30","1"
"45","5","125.30","1"
"46","5","111.30","1"
"47","6","244.30","1"
"48","6","209.30","1"
"49","6","559.30","1"
"50","6","419.30","1"
"51","6","209.30","1"
"52","6","454.30","1"
"53","6","174.30","1"
"54","6","69.30","1"
"55","6","314.30","1"
"56","7","209.30","1"
"57","7","83.30","1"
"58","7","62.30","1"
"59","7","55.30","1"
"60","7","69.30","1"
"61","7","244.30","1"
"62","7","174.30","1"
"63","7","69.30","1"
"64","7","111.30","1"
"65","8","384.30","1"
"66","8","209.30","1"
"67","8","174.30","1"
"68","8","125.30","1"
"69","8","244.30","1"
"70","8","104.30","1"
"71","8","62.30","1"
"72","8","90.30","1"
"73","9","160.30","1"
"74","9","69.30","1"
"75","9","55.30","1"
"76","9","174.30","1"
"77","9","83.30","1"
"78","9","69.30","1"
"79","9","419.30","1"
"80","9","104.30","1"
"81","9","90.30","1"
"82","10","139.30","1"
"83","10","55.30","1"
"84","10","104.30","1"
"85","10","160.30","1"
"86","10","195.30","1"
"87","10","34.30","1"
"88","10","62.30","1"
"89","10","139.30","1"
"90","10","90.30","1"
"91","11","90.30","1"
"92","11","55.30","1"
"93","11","174.30","1"
"94","11","489.30","1"
"95","11","314.30","1"
"96","11","139.30","1"
"97","11","34.30","1"
"98","11","41.30","1"
"99","11","62.30","1"
"100","12","111.30","1"
"101","12","97.30","1"
"102","12","34.30","1"
"103","12","27.30","1"
"104","12","139.30","1"
"105","12","41.30","1"
"106","12","48.30","1"
"107","12","174.30","1"
"108","12","62.30","1"
