"PromocionID","Nombre","Descripcion","TipoDescuento","ValorDescuento","FechaInicio","FechaFin","RequiereCupon","CodigoCupon","AplicaTodosProductos","Estado"
"1","Septiembre: Celulares y tablets","Promoción de demostración para celulares y tablets.","Porcentaje","10.00","2026-09-01 00:00:00","2026-12-31 23:59:59","1","DEMO01","0","Activo"
"2","Septiembre: Computación","Promoción de demostración para computación.","Monto","25.00","2026-09-01 00:00:00","2026-12-31 23:59:59","1","DEMO02","0","Activo"
"3","Septiembre: Audio y video","Promoción de demostración para audio y video.","Porcentaje","10.00","2026-09-01 00:00:00","2026-12-31 23:59:59","1","DEMO03","0","Activo"
"4","Septiembre: Gaming","Promoción de demostración para gaming.","Monto","25.00","2026-09-01 00:00:00","2026-12-31 23:59:59","1","DEMO04","0","Activo"
"5","Septiembre: Hogar inteligente","Promoción de demostración para hogar inteligente.","Porcentaje","10.00","2026-09-01 00:00:00","2026-12-31 23:59:59","1","DEMO05","0","Activo"
"6","Septiembre: Electrodomésticos","Promoción de demostración para electrodomésticos.","Monto","25.00","2026-09-01 00:00:00","2026-12-31 23:59:59","1","DEMO06","0","Activo"
"7","Septiembre: Hogar y cocina","Promoción de demostración para hogar y cocina.","Porcentaje","10.00","2026-09-01 00:00:00","2026-12-31 23:59:59","1","DEMO07","0","Activo"
"8","Septiembre: Moda y accesorios","Promoción de demostración para moda y accesorios.","Monto","25.00","2026-09-01 00:00:00","2026-12-31 23:59:59","1","DEMO08","0","Activo"
"9","Septiembre: Deportes y aire libre","Promoción de demostración para deportes y aire libre.","Porcentaje","10.00","2026-09-01 00:00:00","2026-12-31 23:59:59","1","DEMO09","0","Activo"
"10","Septiembre: Belleza y cuidado personal","Promoción de demostración para belleza y cuidado personal.","Monto","25.00","2026-09-01 00:00:00","2026-12-31 23:59:59","1","DEMO10","0","Activo"
"11","Septiembre: Herramientas y ferretería","Promoción de demostración para herramientas y ferretería.","Porcentaje","10.00","2026-09-01 00:00:00","2026-12-31 23:59:59","1","DEMO11","0","Activo"
"12","Septiembre: Mascotas","Promoción de demostración para mascotas.","Monto","25.00","2026-09-01 00:00:00","2026-12-31 23:59:59","1","DEMO12","0","Activo"
