"ProveedorID","Nombre","NIT","Contacto","Correo","Telefono","Direccion","Estado","FechaRegistro"
"1","Distribuidora Conecta Demo",,"Contacto de demostración 1","proveedor1@example.com",,"Bodega de demostración 1, Ciudad de Guatemala","Activo","2026-06-01 08:00:00"
"2","Suministros Digitales Demo",,"Contacto de demostración 2","proveedor2@example.com",,"Bodega de demostración 2, Ciudad de Guatemala","Activo","2026-06-01 08:00:00"
"3","Sonido y Pantalla Demo",,"Contacto de demostración 3","proveedor3@example.com",,"Bodega de demostración 3, Ciudad de Guatemala","Activo","2026-06-01 08:00:00"
"4","Accesorios Arena Demo",,"Contacto de demostración 4","proveedor4@example.com",,"Bodega de demostración 4, Ciudad de Guatemala","Activo","2026-06-01 08:00:00"
"5","Casa Conectada Demo",,"Contacto de demostración 5","proveedor5@example.com",,"Bodega de demostración 5, Ciudad de Guatemala","Activo","2026-06-01 08:00:00"
"6","Electrodomésticos Central Demo",,"Contacto de demostración 6","proveedor6@example.com",,"Bodega de demostración 6, Ciudad de Guatemala","Activo","2026-06-01 08:00:00"
"7","Hogar Práctico Demo",,"Contacto de demostración 7","proveedor7@example.com",,"Bodega de demostración 7, Ciudad de Guatemala","Activo","2026-06-01 08:00:00"
"8","Estilo Urbano Demo",,"Contacto de demostración 8","proveedor8@example.com",,"Bodega de demostración 8, Ciudad de Guatemala","Activo","2026-06-01 08:00:00"
"9","Ruta Activa Demo",,"Contacto de demostración 9","proveedor9@example.com",,"Bodega de demostración 9, Ciudad de Guatemala","Activo","2026-06-01 08:00:00"
"10","Cuidado Diario Demo",,"Contacto de demostración 10","proveedor10@example.com",,"Bodega de demostración 10, Ciudad de Guatemala","Activo","2026-06-01 08:00:00"
"11","Taller y Obra Demo",,"Contacto de demostración 11","proveedor11@example.com",,"Bodega de demostración 11, Ciudad de Guatemala","Activo","2026-06-01 08:00:00"
"12","Compañía Animal Demo",,"Contacto de demostración 12","proveedor12@example.com",,"Bodega de demostración 12, Ciudad de Guatemala","Activo","2026-06-01 08:00:00"
