"ResenaID","UsuarioID","ProductoID","Calificacion","Comentario","FechaResena","Estado"
"1","3","1","3","El producto llegó bien empacado y funciona como esperaba.","2026-08-06 15:00:00","Publicada"
"2","3","2","3","El producto llegó bien empacado y funciona como esperaba.","2026-08-06 15:00:00","Publicada"
"3","4","4","4","Buena relación entre precio y calidad; la entrega fue puntual.","2026-08-07 15:00:00","Publicada"
"4","4","5","4","Buena relación entre precio y calidad; la entrega fue puntual.","2026-08-07 15:00:00","Publicada"
"5","5","7","5","Cumple su función, aunque las instrucciones podrían ser más claras.","2026-08-08 15:00:00","Publicada"
"6","5","8","5","Cumple su función, aunque las instrucciones podrían ser más claras.","2026-08-08 15:00:00","Publicada"
"7","6","10","3","El producto llegó bien empacado y funciona como esperaba.","2026-08-09 15:00:00","Publicada"
"8","6","11","3","El producto llegó bien empacado y funciona como esperaba.","2026-08-09 15:00:00","Publicada"
"9","7","13","4","Buena relación entre precio y calidad; la entrega fue puntual.","2026-08-10 15:00:00","Publicada"
"10","7","14","4","Buena relación entre precio y calidad; la entrega fue puntual.","2026-08-10 15:00:00","Publicada"
"11","8","16","5","Cumple su función, aunque las instrucciones podrían ser más claras.","2026-08-11 15:00:00","Publicada"
"12","8","17","5","Cumple su función, aunque las instrucciones podrían ser más claras.","2026-08-11 15:00:00","Publicada"
"13","9","19","3","El producto llegó bien empacado y funciona como esperaba.","2026-08-12 15:00:00","Publicada"
"14","9","20","3","El producto llegó bien empacado y funciona como esperaba.","2026-08-12 15:00:00","Publicada"
"15","10","22","4","Buena relación entre precio y calidad; la entrega fue puntual.","2026-08-13 15:00:00","Publicada"
"16","10","23","4","Buena relación entre precio y calidad; la entrega fue puntual.","2026-08-13 15:00:00","Publicada"
"17","11","25","5","Cumple su función, aunque las instrucciones podrían ser más claras.","2026-08-14 15:00:00","Publicada"
"18","11","26","5","Cumple su función, aunque las instrucciones podrían ser más claras.","2026-08-14 15:00:00","Publicada"
"19","13","28","3","El producto llegó bien empacado y funciona como esperaba.","2026-08-15 15:00:00","Publicada"
"20","13","29","3","El producto llegó bien empacado y funciona como esperaba.","2026-08-15 15:00:00","Publicada"
"21","14","31","4","Buena relación entre precio y calidad; la entrega fue puntual.","2026-08-16 15:00:00","Publicada"
"22","14","32","4","Buena relación entre precio y calidad; la entrega fue puntual.","2026-08-16 15:00:00","Publicada"
"23","15","34","5","Cumple su función, aunque las instrucciones podrían ser más claras.","2026-08-17 15:00:00","Publicada"
"24","15","35","5","Cumple su función, aunque las instrucciones podrían ser más claras.","2026-08-17 15:00:00","Publicada"
"25","16","37","3","El producto llegó bien empacado y funciona como esperaba.","2026-08-18 15:00:00","Publicada"
"26","16","38","3","El producto llegó bien empacado y funciona como esperaba.","2026-08-18 15:00:00","Publicada"
"27","17","40","4","Buena relación entre precio y calidad; la entrega fue puntual.","2026-08-19 15:00:00","Publicada"
"28","17","41","4","Buena relación entre precio y calidad; la entrega fue puntual.","2026-08-19 15:00:00","Publicada"
"29","18","43","5","Cumple su función, aunque las instrucciones podrían ser más claras.","2026-08-20 15:00:00","Publicada"
"30","18","44","5","Cumple su función, aunque las instrucciones podrían ser más claras.","2026-08-20 15:00:00","Publicada"
"31","19","46","3","El producto llegó bien empacado y funciona como esperaba.","2026-08-21 15:00:00","Publicada"
"32","19","47","3","El producto llegó bien empacado y funciona como esperaba.","2026-08-21 15:00:00","Publicada"
"33","20","49","4","Buena relación entre precio y calidad; la entrega fue puntual.","2026-08-22 15:00:00","Publicada"
"34","20","50","4","Buena relación entre precio y calidad; la entrega fue puntual.","2026-08-22 15:00:00","Publicada"
"35","21","52","5","Cumple su función, aunque las instrucciones podrían ser más claras.","2026-08-23 15:00:00","Publicada"
"36","21","53","5","Cumple su función, aunque las instrucciones podrían ser más claras.","2026-08-23 15:00:00","Publicada"
