UsuarioID,Nombres,Apellidos,Correo,Telefono,Usuario,Contrasena,TipoUsuario,Estado,FechaRegistro
1,'Oscar Estuardo','Ardón Castillo','adminoa@todoaqui.gt','5500-1234','adminoa','$2y$10$nRR49i1qmznd2RUwwzbqZOnpMNZdf/Ucf6DynK0FreWGGEDXK1Fv6','Administrador','Activo','2024-12-01 12:00:00'
2,'Alba Gabriela','Ortega','adminao@todoaqui.gt','5500-4321','adminao','$2y$10$S9sRqSZ8jOiGxKrUXE89DuBuI6vTRMBdu/TCcnHZJ2yJ4QoODf6lu','Administrador','Activo','2024-12-01 12:00:00'
3,'Ana','García López','cliente001@example.com','5550-0001','cliente001','$2y$12$qDdl9rxMat1KSbvYQRy1J.XqXGCHYJSaBcVLNqI7Ipu0v74caYs2a','Cliente','Activo','2025-01-13 09:07:00'
4,'Carlos','López Ramírez','cliente002@example.com','5550-0002','cliente002','$2y$12$qDdl9rxMat1KSbvYQRy1J.XqXGCHYJSaBcVLNqI7Ipu0v74caYs2a','Cliente','Activo','2025-01-16 10:14:00'
5,'María','González Méndez','cliente003@example.com','5550-0003','cliente003','$2y$12$qDdl9rxMat1KSbvYQRy1J.XqXGCHYJSaBcVLNqI7Ipu0v74caYs2a','Cliente','Activo','2025-01-19 11:21:00'
6,'José','Castillo Reyes','cliente004@example.com','5550-0004','cliente004','$2y$12$qDdl9rxMat1KSbvYQRy1J.XqXGCHYJSaBcVLNqI7Ipu0v74caYs2a','Cliente','Activo','2025-01-22 12:28:00'
7,'Gabriela','Vásquez Flores','cliente005@example.com','5550-0005','cliente005','$2y$12$qDdl9rxMat1KSbvYQRy1J.XqXGCHYJSaBcVLNqI7Ipu0v74caYs2a','Cliente','Activo','2025-01-25 13:35:00'
8,'Luis','Aguilar Rojas','cliente006@example.com','5550-0006','cliente006','$2y$12$qDdl9rxMat1KSbvYQRy1J.XqXGCHYJSaBcVLNqI7Ipu0v74caYs2a','Cliente','Activo','2025-01-28 14:42:00'
9,'Daniela','Fuentes Herrera','cliente007@example.com','5550-0007','cliente007','$2y$12$qDdl9rxMat1KSbvYQRy1J.XqXGCHYJSaBcVLNqI7Ipu0v74caYs2a','Cliente','Activo','2025-01-31 15:49:00'
10,'Fernando','Salazar Pineda','cliente008@example.com','5550-0008','cliente008','$2y$12$qDdl9rxMat1KSbvYQRy1J.XqXGCHYJSaBcVLNqI7Ipu0v74caYs2a','Cliente','Activo','2025-02-03 16:56:00'
11,'Paola','Alvarado Cifuentes','cliente009@example.com','5550-0009','cliente009','$2y$12$qDdl9rxMat1KSbvYQRy1J.XqXGCHYJSaBcVLNqI7Ipu0v74caYs2a','Cliente','Activo','2025-02-06 08:03:00'
12,'Ricardo','Rodríguez Morales','cliente010@example.com','5550 0010','cliente010','$2y$12$qDdl9rxMat1KSbvYQRy1J.XqXGCHYJSaBcVLNqI7Ipu0v74caYs2a','Cliente','Inactivo','2025-02-09 09:10:00'
13,'Sofía','Hernández Castillo','cliente011@example.com','5550-0011','cliente011','$2y$12$qDdl9rxMat1KSbvYQRy1J.XqXGCHYJSaBcVLNqI7Ipu0v74caYs2a','Cliente','Activo','2025-02-12 10:17:00'
14,'Javier','Morales Vásquez','cliente012@example.com','5550-0012','cliente012','$2y$12$qDdl9rxMat1KSbvYQRy1J.XqXGCHYJSaBcVLNqI7Ipu0v74caYs2a','Cliente','Activo','2025-02-15 11:24:00'
15,'Andrea','Díaz Aguilar','cliente013@example.com','5550-0013','cliente013','$2y$12$qDdl9rxMat1KSbvYQRy1J.XqXGCHYJSaBcVLNqI7Ipu0v74caYs2a','Cliente','Activo','2025-02-18 12:31:00'
16,'Miguel','Ortiz Fuentes','cliente014@example.com','5550-0014','cliente014','$2y$12$qDdl9rxMat1KSbvYQRy1J.XqXGCHYJSaBcVLNqI7Ipu0v74caYs2a','Cliente','Activo','2025-02-21 13:38:00'
17,'Valeria','Cabrera Salazar','cliente015@example.com','5550-0015','cliente015','$2y$12$qDdl9rxMat1KSbvYQRy1J.XqXGCHYJSaBcVLNqI7Ipu0v74caYs2a','Cliente','Activo','2025-02-24 14:45:00'
18,'Diego','Mendoza Alvarado','cliente016@example.com','5550-0016','cliente016','$2y$12$qDdl9rxMat1KSbvYQRy1J.XqXGCHYJSaBcVLNqI7Ipu0v74caYs2a','Cliente','Activo','2025-02-27 15:52:00'
19,'Lucía','Calderón Escobar','cliente017@example.com','5550-0017','cliente017','$2y$12$qDdl9rxMat1KSbvYQRy1J.XqXGCHYJSaBcVLNqI7Ipu0v74caYs2a','Cliente','Activo','2025-03-02 16:59:00'
20,'Alejandro','Pérez Hernández','cliente018@example.com','5550 0018','cliente018','$2y$12$qDdl9rxMat1KSbvYQRy1J.XqXGCHYJSaBcVLNqI7Ipu0v74caYs2a','Cliente','Activo','2025-03-05 08:06:00'
21,'Camila','Martínez Gómez','cliente019@example.com','5550-0019','cliente019','$2y$12$qDdl9rxMat1KSbvYQRy1J.XqXGCHYJSaBcVLNqI7Ipu0v74caYs2a','Cliente','Activo','2025-03-08 09:13:00'
22,'Manuel','Ramírez Díaz','cliente020@example.com','5550-0020','cliente020','$2y$12$qDdl9rxMat1KSbvYQRy1J.XqXGCHYJSaBcVLNqI7Ipu0v74caYs2a','Cliente','Inactivo','2025-03-11 10:20:00'
23,'Fernanda','Méndez Ortiz','cliente021@example.com','5550-0021','cliente021','$2y$12$qDdl9rxMat1KSbvYQRy1J.XqXGCHYJSaBcVLNqI7Ipu0v74caYs2a','Cliente','Activo','2025-03-14 11:27:00'
24,'Esteban','Reyes Cabrera','cliente022@example.com','5550-0022','cliente022','$2y$12$qDdl9rxMat1KSbvYQRy1J.XqXGCHYJSaBcVLNqI7Ipu0v74caYs2a','Cliente','Activo','2025-03-17 12:34:00'
25,'Natalia','Flores Mendoza','cliente023@example.com','5550-0023','cliente023','$2y$12$qDdl9rxMat1KSbvYQRy1J.XqXGCHYJSaBcVLNqI7Ipu0v74caYs2a','Cliente','Activo','2025-03-20 13:41:00'
26,'Oscar','Rojas Calderón','cliente024@example.com','5550-0024','cliente024','$2y$12$qDdl9rxMat1KSbvYQRy1J.XqXGCHYJSaBcVLNqI7Ipu0v74caYs2a','Cliente','Activo','2025-03-23 14:48:00'
27,'Isabel','Herrera Barrios','cliente025@example.com','5550-0025','cliente025','$2y$12$qDdl9rxMat1KSbvYQRy1J.XqXGCHYJSaBcVLNqI7Ipu0v74caYs2a','Cliente','Activo','2025-03-26 15:55:00'
28,'Héctor','García López','cliente026@example.com','5550-0026','cliente026','$2y$12$qDdl9rxMat1KSbvYQRy1J.XqXGCHYJSaBcVLNqI7Ipu0v74caYs2a','Cliente','Activo','2025-03-29 16:02:00'
29,'Elena','López Ramírez','cliente027@example.com','5550-0027','cliente027','$2y$12$qDdl9rxMat1KSbvYQRy1J.XqXGCHYJSaBcVLNqI7Ipu0v74caYs2a','Cliente','Activo','2025-04-01 08:09:00'
30,'Roberto','González Méndez','cliente028@example.com','5550 0028','cliente028','$2y$12$qDdl9rxMat1KSbvYQRy1J.XqXGCHYJSaBcVLNqI7Ipu0v74caYs2a','Cliente','Activo','2025-04-04 09:16:00'
31,'Mónica','Castillo Reyes','cliente029@example.com','5550-0029','cliente029','$2y$12$qDdl9rxMat1KSbvYQRy1J.XqXGCHYJSaBcVLNqI7Ipu0v74caYs2a','Cliente','Activo','2025-04-07 10:23:00'
32,'Andrés','Vásquez Flores','cliente030@example.com','5550-0030','cliente030','$2y$12$qDdl9rxMat1KSbvYQRy1J.XqXGCHYJSaBcVLNqI7Ipu0v74caYs2a','Cliente','Inactivo','2025-04-10 11:30:00'
33,'Ana','Aguilar Rojas','cliente031@example.com','5550-0031','cliente031','$2y$12$qDdl9rxMat1KSbvYQRy1J.XqXGCHYJSaBcVLNqI7Ipu0v74caYs2a','Cliente','Activo','2025-04-13 12:37:00'
34,'Carlos','Fuentes Herrera','cliente032@example.com','5550-0032','cliente032','$2y$12$qDdl9rxMat1KSbvYQRy1J.XqXGCHYJSaBcVLNqI7Ipu0v74caYs2a','Cliente','Activo','2025-04-16 13:44:00'
35,'María','Salazar Pineda','cliente033@example.com','5550-0033','cliente033','$2y$12$qDdl9rxMat1KSbvYQRy1J.XqXGCHYJSaBcVLNqI7Ipu0v74caYs2a','Cliente','Activo','2025-04-19 14:51:00'
36,'José','Alvarado Cifuentes','cliente034@example.com','5550-0034','cliente034','$2y$12$qDdl9rxMat1KSbvYQRy1J.XqXGCHYJSaBcVLNqI7Ipu0v74caYs2a','Cliente','Activo','2025-04-22 15:58:00'
37,'Gabriela','Rodríguez Morales','cliente035@example.com','5550 0035','cliente035','$2y$12$qDdl9rxMat1KSbvYQRy1J.XqXGCHYJSaBcVLNqI7Ipu0v74caYs2a','Cliente','Activo','2025-04-25 16:05:00'
38,'Luis','Hernández Castillo','cliente036@example.com','5550-0036','cliente036','$2y$12$qDdl9rxMat1KSbvYQRy1J.XqXGCHYJSaBcVLNqI7Ipu0v74caYs2a','Cliente','Activo','2025-04-28 08:12:00'
39,'Daniela','Morales Vásquez','cliente037@example.com','5550-0037','cliente037','$2y$12$qDdl9rxMat1KSbvYQRy1J.XqXGCHYJSaBcVLNqI7Ipu0v74caYs2a','Cliente','Activo','2025-05-01 09:19:00'
40,'Fernando','Díaz Aguilar','cliente038@example.com','5550-0038','cliente038','$2y$12$qDdl9rxMat1KSbvYQRy1J.XqXGCHYJSaBcVLNqI7Ipu0v74caYs2a','Cliente','Activo','2025-05-04 10:26:00'
41,'Paola','Ortiz Fuentes','cliente039@example.com','5550-0039','cliente039','$2y$12$qDdl9rxMat1KSbvYQRy1J.XqXGCHYJSaBcVLNqI7Ipu0v74caYs2a','Cliente','Activo','2025-05-07 11:33:00'
42,'Ricardo','Cabrera Salazar','cliente040@example.com','5550-0040','cliente040','$2y$12$qDdl9rxMat1KSbvYQRy1J.XqXGCHYJSaBcVLNqI7Ipu0v74caYs2a','Cliente','Inactivo','2025-05-10 12:40:00'
43,'Sofía','Mendoza Alvarado','cliente041@example.com','5550-0041','cliente041','$2y$12$qDdl9rxMat1KSbvYQRy1J.XqXGCHYJSaBcVLNqI7Ipu0v74caYs2a','Cliente','Activo','2025-05-13 13:47:00'
44,'Javier','Calderón Escobar','cliente042@example.com','5550-0042','cliente042','$2y$12$qDdl9rxMat1KSbvYQRy1J.XqXGCHYJSaBcVLNqI7Ipu0v74caYs2a','Cliente','Activo','2025-05-16 14:54:00'
45,'Andrea','Pérez Hernández','cliente043@example.com','5550-0043','cliente043','$2y$12$qDdl9rxMat1KSbvYQRy1J.XqXGCHYJSaBcVLNqI7Ipu0v74caYs2a','Cliente','Activo','2025-05-19 15:01:00'
46,'Miguel','Martínez Gómez','cliente044@example.com','5550-0044','cliente044','$2y$12$qDdl9rxMat1KSbvYQRy1J.XqXGCHYJSaBcVLNqI7Ipu0v74caYs2a','Cliente','Activo','2025-05-22 16:08:00'
47,'Valeria','Ramírez Díaz','cliente045@example.com','5550-0045','cliente045','$2y$12$qDdl9rxMat1KSbvYQRy1J.XqXGCHYJSaBcVLNqI7Ipu0v74caYs2a','Cliente','Activo','2025-05-25 08:15:00'
48,'Diego','Méndez Ortiz','cliente046@example.com','5550-0046','cliente046','$2y$12$qDdl9rxMat1KSbvYQRy1J.XqXGCHYJSaBcVLNqI7Ipu0v74caYs2a','Cliente','Activo','2025-05-28 09:22:00'
49,'Lucía','Reyes Cabrera','cliente047@example.com','5550-0047','cliente047','$2y$12$qDdl9rxMat1KSbvYQRy1J.XqXGCHYJSaBcVLNqI7Ipu0v74caYs2a','Cliente','Activo','2025-05-31 10:29:00'
50,'Alejandro','Flores Mendoza','cliente048@example.com','5550-0048','cliente048','$2y$12$qDdl9rxMat1KSbvYQRy1J.XqXGCHYJSaBcVLNqI7Ipu0v74caYs2a','Cliente','Activo','2025-06-03 11:36:00'
51,'Camila','Rojas Calderón','cliente049@example.com','5550-0049','cliente049','$2y$12$qDdl9rxMat1KSbvYQRy1J.XqXGCHYJSaBcVLNqI7Ipu0v74caYs2a','Cliente','Activo','2025-06-06 12:43:00'
52,'Manuel','Herrera Barrios','cliente050@example.com','5550-0050','cliente050','$2y$12$qDdl9rxMat1KSbvYQRy1J.XqXGCHYJSaBcVLNqI7Ipu0v74caYs2a','Cliente','Inactivo','2025-06-09 13:50:00'
53,'Fernanda','García López','cliente051@example.com','5550-0051','cliente051','$2y$12$qDdl9rxMat1KSbvYQRy1J.XqXGCHYJSaBcVLNqI7Ipu0v74caYs2a','Cliente','Activo','2025-06-12 14:57:00'
54,'Esteban','López Ramírez','cliente052@example.com','5550-0052','cliente052','$2y$12$qDdl9rxMat1KSbvYQRy1J.XqXGCHYJSaBcVLNqI7Ipu0v74caYs2a','Cliente','Activo','2025-06-15 15:04:00'
55,'Natalia','González Méndez','cliente053@example.com','5550-0053','cliente053','$2y$12$qDdl9rxMat1KSbvYQRy1J.XqXGCHYJSaBcVLNqI7Ipu0v74caYs2a','Cliente','Activo','2025-06-18 16:11:00'
56,'Oscar','Castillo Reyes','cliente054@example.com','5550-0054','cliente054','$2y$12$qDdl9rxMat1KSbvYQRy1J.XqXGCHYJSaBcVLNqI7Ipu0v74caYs2a','Cliente','Activo','2025-06-21 08:18:00'
57,'Isabel','Vásquez Flores','cliente055@example.com','5550-0055','cliente055','$2y$12$qDdl9rxMat1KSbvYQRy1J.XqXGCHYJSaBcVLNqI7Ipu0v74caYs2a','Cliente','Activo','2025-06-24 09:25:00'
58,'Héctor','Aguilar Rojas','cliente056@example.com','5550-0056','cliente056','$2y$12$qDdl9rxMat1KSbvYQRy1J.XqXGCHYJSaBcVLNqI7Ipu0v74caYs2a','Cliente','Activo','2025-06-27 10:32:00'
59,'Elena','Fuentes Herrera','cliente057@example.com','5550-0057','cliente057','$2y$12$qDdl9rxMat1KSbvYQRy1J.XqXGCHYJSaBcVLNqI7Ipu0v74caYs2a','Cliente','Activo','2025-06-30 11:39:00'
60,'Roberto','Salazar Pineda','cliente058@example.com','5550-0058','cliente058','$2y$12$qDdl9rxMat1KSbvYQRy1J.XqXGCHYJSaBcVLNqI7Ipu0v74caYs2a','Cliente','Activo','2025-07-03 12:46:00'
61,'Mónica','Alvarado Cifuentes','cliente059@example.com','5550-0059','cliente059','$2y$12$qDdl9rxMat1KSbvYQRy1J.XqXGCHYJSaBcVLNqI7Ipu0v74caYs2a','Cliente','Activo','2025-07-06 13:53:00'
62,'Andrés','Rodríguez Morales','cliente060@example.com','5550-0060','cliente060','$2y$12$qDdl9rxMat1KSbvYQRy1J.XqXGCHYJSaBcVLNqI7Ipu0v74caYs2a','Cliente','Inactivo','2025-07-09 14:00:00'
63,'Ana','Hernández Castillo','cliente061@example.com','5550-0061','cliente061','$2y$12$qDdl9rxMat1KSbvYQRy1J.XqXGCHYJSaBcVLNqI7Ipu0v74caYs2a','Cliente','Activo','2025-07-12 15:07:00'
64,'Carlos','Morales Vásquez','cliente062@example.com','5550-0062','cliente062','$2y$12$qDdl9rxMat1KSbvYQRy1J.XqXGCHYJSaBcVLNqI7Ipu0v74caYs2a','Cliente','Activo','2025-07-15 16:14:00'
65,'María','Díaz Aguilar','cliente063@example.com','5550-0063','cliente063','$2y$12$qDdl9rxMat1KSbvYQRy1J.XqXGCHYJSaBcVLNqI7Ipu0v74caYs2a','Cliente','Activo','2025-07-18 08:21:00'
66,'José','Ortiz Fuentes','cliente064@example.com','5550-0064','cliente064','$2y$12$qDdl9rxMat1KSbvYQRy1J.XqXGCHYJSaBcVLNqI7Ipu0v74caYs2a','Cliente','Activo','2025-07-21 09:28:00'
67,'Gabriela','Cabrera Salazar','cliente065@example.com','5550-0065','cliente065','$2y$12$qDdl9rxMat1KSbvYQRy1J.XqXGCHYJSaBcVLNqI7Ipu0v74caYs2a','Cliente','Activo','2025-07-24 10:35:00'
68,'Luis','Mendoza Alvarado','cliente066@example.com','5550-0066','cliente066','$2y$12$qDdl9rxMat1KSbvYQRy1J.XqXGCHYJSaBcVLNqI7Ipu0v74caYs2a','Cliente','Activo','2025-07-27 11:42:00'
69,'Daniela','Calderón Escobar','cliente067@example.com','5550-0067','cliente067','$2y$12$qDdl9rxMat1KSbvYQRy1J.XqXGCHYJSaBcVLNqI7Ipu0v74caYs2a','Cliente','Activo','2025-07-30 12:49:00'
70,'Fernando','Pérez Hernández','cliente068@example.com','5550-0068','cliente068','$2y$12$qDdl9rxMat1KSbvYQRy1J.XqXGCHYJSaBcVLNqI7Ipu0v74caYs2a','Cliente','Activo','2025-08-02 13:56:00'
71,'Paola','Martínez Gómez','cliente069@example.com','5550-0069','cliente069','$2y$12$qDdl9rxMat1KSbvYQRy1J.XqXGCHYJSaBcVLNqI7Ipu0v74caYs2a','Cliente','Activo','2025-08-05 14:03:00'
72,'Ricardo','Ramírez Díaz','cliente070@example.com','5550-0070','cliente070','$2y$12$qDdl9rxMat1KSbvYQRy1J.XqXGCHYJSaBcVLNqI7Ipu0v74caYs2a','Cliente','Inactivo','2025-08-08 15:10:00'
73,'Sofía','Méndez Ortiz','cliente071@example.com','5550-0071','cliente071','$2y$12$qDdl9rxMat1KSbvYQRy1J.XqXGCHYJSaBcVLNqI7Ipu0v74caYs2a','Cliente','Activo','2025-08-11 16:17:00'
74,'Javier','Reyes Cabrera','cliente072@example.com','5550-0072','cliente072','$2y$12$qDdl9rxMat1KSbvYQRy1J.XqXGCHYJSaBcVLNqI7Ipu0v74caYs2a','Cliente','Activo','2025-08-14 08:24:00'
75,'Andrea','Flores Mendoza','cliente073@example.com','5550-0073','cliente073','$2y$12$qDdl9rxMat1KSbvYQRy1J.XqXGCHYJSaBcVLNqI7Ipu0v74caYs2a','Cliente','Activo','2025-08-17 09:31:00'
76,'Miguel','Rojas Calderón','cliente074@example.com','5550-0074','cliente074','$2y$12$qDdl9rxMat1KSbvYQRy1J.XqXGCHYJSaBcVLNqI7Ipu0v74caYs2a','Cliente','Activo','2025-08-20 10:38:00'
77,'Valeria','Herrera Barrios','cliente075@example.com','5550-0075','cliente075','$2y$12$qDdl9rxMat1KSbvYQRy1J.XqXGCHYJSaBcVLNqI7Ipu0v74caYs2a','Cliente','Activo','2025-08-23 11:45:00'
78,'Diego','García López','cliente076@example.com','5550-0076','cliente076','$2y$12$qDdl9rxMat1KSbvYQRy1J.XqXGCHYJSaBcVLNqI7Ipu0v74caYs2a','Cliente','Activo','2025-08-26 12:52:00'
79,'Lucía','López Ramírez','cliente077@example.com','5550-0077','cliente077','$2y$12$qDdl9rxMat1KSbvYQRy1J.XqXGCHYJSaBcVLNqI7Ipu0v74caYs2a','Cliente','Activo','2025-08-29 13:59:00'
80,'Alejandro','González Méndez','cliente078@example.com','5550-0078','cliente078','$2y$12$qDdl9rxMat1KSbvYQRy1J.XqXGCHYJSaBcVLNqI7Ipu0v74caYs2a','Cliente','Activo','2025-09-01 14:06:00'
81,'Manuel','Vásquez Flores','cliente080@example.com','5550-0080','cliente080','$2y$12$qDdl9rxMat1KSbvYQRy1J.XqXGCHYJSaBcVLNqI7Ipu0v74caYs2a','Cliente','Inactivo','2025-09-07 16:20:00'
82,'Fernanda','Aguilar Rojas','cliente081@example.com','5550-0081','cliente081','$2y$12$qDdl9rxMat1KSbvYQRy1J.XqXGCHYJSaBcVLNqI7Ipu0v74caYs2a','Cliente','Activo','2025-09-10 08:27:00'
83,'Esteban','Fuentes Herrera','cliente082@example.com','5550-0082','cliente082','$2y$12$qDdl9rxMat1KSbvYQRy1J.XqXGCHYJSaBcVLNqI7Ipu0v74caYs2a','Cliente','Activo','2025-09-13 09:34:00'
84,'Natalia','Salazar Pineda','cliente083@example.com','5550-0083','cliente083','$2y$12$qDdl9rxMat1KSbvYQRy1J.XqXGCHYJSaBcVLNqI7Ipu0v74caYs2a','Cliente','Activo','2025-09-16 10:41:00'
85,'Oscar','Alvarado Cifuentes','cliente084@example.com','5550-0084','cliente084','$2y$12$qDdl9rxMat1KSbvYQRy1J.XqXGCHYJSaBcVLNqI7Ipu0v74caYs2a','Cliente','Activo','2025-09-19 11:48:00'
86,'Isabel','Rodríguez Morales','cliente085@example.com','5550-0085','cliente085','$2y$12$qDdl9rxMat1KSbvYQRy1J.XqXGCHYJSaBcVLNqI7Ipu0v74caYs2a','Cliente','Activo','2025-09-22 12:55:00'
87,'Héctor','Hernández Castillo','cliente086@example.com','5550-0086','cliente086','$2y$12$qDdl9rxMat1KSbvYQRy1J.XqXGCHYJSaBcVLNqI7Ipu0v74caYs2a','Cliente','Activo','2025-09-25 13:02:00'
88,'Elena','Morales Vásquez','cliente087@example.com','5550-0087','cliente087','$2y$12$qDdl9rxMat1KSbvYQRy1J.XqXGCHYJSaBcVLNqI7Ipu0v74caYs2a','Cliente','Activo','2025-09-28 14:09:00'
89,'Roberto','Díaz Aguilar','cliente088@example.com','5550-0088','cliente088','$2y$12$qDdl9rxMat1KSbvYQRy1J.XqXGCHYJSaBcVLNqI7Ipu0v74caYs2a','Cliente','Activo','2025-10-01 15:16:00'
90,'Mónica','Ortiz Fuentes','cliente089@example.com','5550-0089','cliente089','$2y$12$qDdl9rxMat1KSbvYQRy1J.XqXGCHYJSaBcVLNqI7Ipu0v74caYs2a','Cliente','Activo','2025-10-04 16:23:00'
91,'Andrés','Cabrera Salazar','cliente090@example.com','5550-0090','cliente090','$2y$12$qDdl9rxMat1KSbvYQRy1J.XqXGCHYJSaBcVLNqI7Ipu0v74caYs2a','Cliente','Inactivo','2025-10-07 08:30:00'
92,'Ana','Mendoza Alvarado','cliente091@example.com','5550-0091','cliente091','$2y$12$qDdl9rxMat1KSbvYQRy1J.XqXGCHYJSaBcVLNqI7Ipu0v74caYs2a','Cliente','Activo','2025-10-10 09:37:00'
93,'Carlos','Calderón Escobar','cliente092@example.com','5550-0092','cliente092','$2y$12$qDdl9rxMat1KSbvYQRy1J.XqXGCHYJSaBcVLNqI7Ipu0v74caYs2a','Cliente','Activo','2025-10-13 10:44:00'
94,'María','Pérez Hernández','cliente093@example.com','5550-0093','cliente093','$2y$12$qDdl9rxMat1KSbvYQRy1J.XqXGCHYJSaBcVLNqI7Ipu0v74caYs2a','Cliente','Activo','2025-10-16 11:51:00'
95,'José','Martínez Gómez','cliente094@example.com','5550-0094','cliente094','$2y$12$qDdl9rxMat1KSbvYQRy1J.XqXGCHYJSaBcVLNqI7Ipu0v74caYs2a','Cliente','Activo','2025-10-19 12:58:00'
96,'Gabriela','Ramírez Díaz','cliente095@example.com','5550-0095','cliente095','$2y$12$qDdl9rxMat1KSbvYQRy1J.XqXGCHYJSaBcVLNqI7Ipu0v74caYs2a','Cliente','Activo','2025-10-22 13:05:00'
97,'Luis','Méndez Ortiz','cliente096@example.com','5550-0096','cliente096','$2y$12$qDdl9rxMat1KSbvYQRy1J.XqXGCHYJSaBcVLNqI7Ipu0v74caYs2a','Cliente','Activo','2025-10-25 14:12:00'
98,'Daniela','Reyes Cabrera','cliente097@example.com','5550-0097','cliente097','$2y$12$qDdl9rxMat1KSbvYQRy1J.XqXGCHYJSaBcVLNqI7Ipu0v74caYs2a','Cliente','Activo','2025-10-28 15:19:00'
99,'Fernando','Flores Mendoza','cliente098@example.com','5550 0098','cliente098','$2y$12$qDdl9rxMat1KSbvYQRy1J.XqXGCHYJSaBcVLNqI7Ipu0v74caYs2a','Cliente','Activo','2025-10-31 16:26:00'
100,'Paola','Rojas Calderón','cliente099@example.com','5550-0099','cliente099','$2y$12$qDdl9rxMat1KSbvYQRy1J.XqXGCHYJSaBcVLNqI7Ipu0v74caYs2a','Cliente','Activo','2025-11-03 08:33:00'
101,'Ricardo','Herrera Barrios','cliente100@example.com','5550-0100','cliente100','$2y$12$qDdl9rxMat1KSbvYQRy1J.XqXGCHYJSaBcVLNqI7Ipu0v74caYs2a','Cliente','Inactivo','2025-11-06 09:40:00'
102,'Sofía','García López','cliente101@example.com','5550-0101','cliente101','$2y$12$qDdl9rxMat1KSbvYQRy1J.XqXGCHYJSaBcVLNqI7Ipu0v74caYs2a','Cliente','Activo','2025-11-09 10:47:00'
103,'Javier','López Ramírez','cliente102@example.com','5550-0102','cliente102','$2y$12$qDdl9rxMat1KSbvYQRy1J.XqXGCHYJSaBcVLNqI7Ipu0v74caYs2a','Cliente','Activo','2025-11-12 11:54:00'
104,'Andrea','González Méndez','cliente103@example.com','5550-0103','cliente103','$2y$12$qDdl9rxMat1KSbvYQRy1J.XqXGCHYJSaBcVLNqI7Ipu0v74caYs2a','Cliente','Activo','2025-11-15 12:01:00'
105,'Miguel','Castillo Reyes','cliente104@example.com','5550-0104','cliente104','$2y$12$qDdl9rxMat1KSbvYQRy1J.XqXGCHYJSaBcVLNqI7Ipu0v74caYs2a','Cliente','Activo','2025-11-18 13:08:00'
106,'Valeria','Vásquez Flores','cliente105@example.com','5550-0105','cliente105','$2y$12$qDdl9rxMat1KSbvYQRy1J.XqXGCHYJSaBcVLNqI7Ipu0v74caYs2a','Cliente','Activo','2025-11-21 14:15:00'
107,'Diego','Aguilar Rojas','cliente106@example.com','5550-0106','cliente106','$2y$12$qDdl9rxMat1KSbvYQRy1J.XqXGCHYJSaBcVLNqI7Ipu0v74caYs2a','Cliente','Activo','2025-11-24 15:22:00'
108,'Lucía','Fuentes Herrera','cliente107@example.com','5550-0107','cliente107','$2y$12$qDdl9rxMat1KSbvYQRy1J.XqXGCHYJSaBcVLNqI7Ipu0v74caYs2a','Cliente','Activo','2025-11-27 16:29:00'
109,'Alejandro','Salazar Pineda','cliente108@example.com','5550-0108','cliente108','$2y$12$qDdl9rxMat1KSbvYQRy1J.XqXGCHYJSaBcVLNqI7Ipu0v74caYs2a','Cliente','Activo','2025-11-30 08:36:00'
110,'Camila','Alvarado Cifuentes','cliente109@example.com','5550-0109','cliente109','$2y$12$qDdl9rxMat1KSbvYQRy1J.XqXGCHYJSaBcVLNqI7Ipu0v74caYs2a','Cliente','Activo','2025-12-03 09:43:00'
111,'Manuel','Rodríguez Morales','cliente110@example.com','5550-0110','cliente110','$2y$12$qDdl9rxMat1KSbvYQRy1J.XqXGCHYJSaBcVLNqI7Ipu0v74caYs2a','Cliente','Inactivo','2025-12-06 10:50:00'
112,'Fernanda','Hernández Castillo','cliente111@example.com','5550-0111','cliente111','$2y$12$qDdl9rxMat1KSbvYQRy1J.XqXGCHYJSaBcVLNqI7Ipu0v74caYs2a','Cliente','Activo','2025-12-09 11:57:00'
113,'Esteban','Morales Vásquez','cliente112@example.com','5550-0112','cliente112','$2y$12$qDdl9rxMat1KSbvYQRy1J.XqXGCHYJSaBcVLNqI7Ipu0v74caYs2a','Cliente','Activo','2025-12-12 12:04:00'
114,'Natalia','Díaz Aguilar','cliente113@example.com','5550-0113','cliente113','$2y$12$qDdl9rxMat1KSbvYQRy1J.XqXGCHYJSaBcVLNqI7Ipu0v74caYs2a','Cliente','Activo','2025-12-15 13:11:00'
115,'Oscar','Ortiz Fuentes','cliente114@example.com','5550-0114','cliente114','$2y$12$qDdl9rxMat1KSbvYQRy1J.XqXGCHYJSaBcVLNqI7Ipu0v74caYs2a','Cliente','Activo','2025-12-18 14:18:00'
116,'Isabel','Cabrera Salazar','cliente115@example.com','5550-0115','cliente115','$2y$12$qDdl9rxMat1KSbvYQRy1J.XqXGCHYJSaBcVLNqI7Ipu0v74caYs2a','Cliente','Activo','2025-12-21 15:25:00'
117,'Héctor','Mendoza Alvarado','cliente116@example.com','5550-0116','cliente116','$2y$12$qDdl9rxMat1KSbvYQRy1J.XqXGCHYJSaBcVLNqI7Ipu0v74caYs2a','Cliente','Activo','2025-12-24 16:32:00'
118,'Elena','Calderón Escobar','cliente117@example.com','5550-0117','cliente117','$2y$12$qDdl9rxMat1KSbvYQRy1J.XqXGCHYJSaBcVLNqI7Ipu0v74caYs2a','Cliente','Activo','2025-12-27 08:39:00'
119,'Roberto','Pérez Hernández','cliente118@example.com','5550-0118','cliente118','$2y$12$qDdl9rxMat1KSbvYQRy1J.XqXGCHYJSaBcVLNqI7Ipu0v74caYs2a','Cliente','Activo','2025-12-30 09:46:00'
120,'Mónica','Martínez Gómez','cliente119@example.com','5550-0119','cliente119','$2y$12$qDdl9rxMat1KSbvYQRy1J.XqXGCHYJSaBcVLNqI7Ipu0v74caYs2a','Cliente','Activo','2026-01-02 10:53:00'
121,'Andrés','Ramírez Díaz','cliente120@example.com','5550-0120','cliente120','$2y$12$qDdl9rxMat1KSbvYQRy1J.XqXGCHYJSaBcVLNqI7Ipu0v74caYs2a','Cliente','Inactivo','2026-01-05 11:00:00'
122,'Ana','Méndez Ortiz','cliente121@example.com','5550-0121','cliente121','$2y$12$qDdl9rxMat1KSbvYQRy1J.XqXGCHYJSaBcVLNqI7Ipu0v74caYs2a','Cliente','Activo','2026-01-08 12:07:00'
123,'Carlos','Reyes Cabrera','cliente122@example.com','5550-0122','cliente122','$2y$12$qDdl9rxMat1KSbvYQRy1J.XqXGCHYJSaBcVLNqI7Ipu0v74caYs2a','Cliente','Activo','2026-01-11 13:14:00'
124,'María','Flores Mendoza','cliente123@example.com','5550-0123','cliente123','$2y$12$qDdl9rxMat1KSbvYQRy1J.XqXGCHYJSaBcVLNqI7Ipu0v74caYs2a','Cliente','Activo','2026-01-14 14:21:00'
125,'José','Rojas Calderón','cliente124@example.com','5550-0124','cliente124','$2y$12$qDdl9rxMat1KSbvYQRy1J.XqXGCHYJSaBcVLNqI7Ipu0v74caYs2a','Cliente','Activo','2026-01-17 15:28:00'
126,'Gabriela','Herrera Barrios','cliente125@example.com','5550-0125','cliente125','$2y$12$qDdl9rxMat1KSbvYQRy1J.XqXGCHYJSaBcVLNqI7Ipu0v74caYs2a','Cliente','Activo','2026-01-20 16:35:00'
127,'Luis','García López','cliente126@example.com','5550-0126','cliente126','$2y$12$qDdl9rxMat1KSbvYQRy1J.XqXGCHYJSaBcVLNqI7Ipu0v74caYs2a','Cliente','Activo','2026-01-23 08:42:00'
128,'Daniela','López Ramírez','cliente127@example.com','5550-0127','cliente127','$2y$12$qDdl9rxMat1KSbvYQRy1J.XqXGCHYJSaBcVLNqI7Ipu0v74caYs2a','Cliente','Activo','2026-01-26 09:49:00'
129,'Fernando','González Méndez','cliente128@example.com','5550-0128','cliente128','$2y$12$qDdl9rxMat1KSbvYQRy1J.XqXGCHYJSaBcVLNqI7Ipu0v74caYs2a','Cliente','Activo','2026-01-29 10:56:00'
130,'Paola','Castillo Reyes','cliente129@example.com','5550-0129','cliente129','$2y$12$qDdl9rxMat1KSbvYQRy1J.XqXGCHYJSaBcVLNqI7Ipu0v74caYs2a','Cliente','Activo','2026-02-01 11:03:00'
131,'Ricardo','Vásquez Flores','cliente130@example.com','5550-0130','cliente130','$2y$12$qDdl9rxMat1KSbvYQRy1J.XqXGCHYJSaBcVLNqI7Ipu0v74caYs2a','Cliente','Inactivo','2026-02-04 12:10:00'
132,'Sofía','Aguilar Rojas','cliente131@example.com','5550-0131','cliente131','$2y$12$qDdl9rxMat1KSbvYQRy1J.XqXGCHYJSaBcVLNqI7Ipu0v74caYs2a','Cliente','Activo','2026-02-07 13:17:00'
133,'Javier','Fuentes Herrera','cliente132@example.com','5550-0132','cliente132','$2y$12$qDdl9rxMat1KSbvYQRy1J.XqXGCHYJSaBcVLNqI7Ipu0v74caYs2a','Cliente','Activo','2026-02-10 14:24:00'
134,'Andrea','Salazar Pineda','cliente133@example.com','5550-0133','cliente133','$2y$12$qDdl9rxMat1KSbvYQRy1J.XqXGCHYJSaBcVLNqI7Ipu0v74caYs2a','Cliente','Activo','2026-02-13 15:31:00'
135,'Miguel','Alvarado Cifuentes','cliente134@example.com','5550-0134','cliente134','$2y$12$qDdl9rxMat1KSbvYQRy1J.XqXGCHYJSaBcVLNqI7Ipu0v74caYs2a','Cliente','Activo','2026-02-16 16:38:00'
136,'Valeria','Rodríguez Morales','cliente135@example.com','5550-0135','cliente135','$2y$12$qDdl9rxMat1KSbvYQRy1J.XqXGCHYJSaBcVLNqI7Ipu0v74caYs2a','Cliente','Activo','2026-02-19 08:45:00'
137,'Diego','Hernández Castillo','cliente136@example.com','5550-0136','cliente136','$2y$12$qDdl9rxMat1KSbvYQRy1J.XqXGCHYJSaBcVLNqI7Ipu0v74caYs2a','Cliente','Activo','2026-02-22 09:52:00'
138,'Lucía','Morales Vásquez','cliente137@example.com','5550-0137','cliente137','$2y$12$qDdl9rxMat1KSbvYQRy1J.XqXGCHYJSaBcVLNqI7Ipu0v74caYs2a','Cliente','Activo','2026-02-25 10:59:00'
139,'Alejandro','Díaz Aguilar','cliente138@example.com','5550-0138','cliente138','$2y$12$qDdl9rxMat1KSbvYQRy1J.XqXGCHYJSaBcVLNqI7Ipu0v74caYs2a','Cliente','Activo','2026-02-28 11:06:00'
140,'Camila','Ortiz Fuentes','cliente139@example.com','5550-0139','cliente139','$2y$12$qDdl9rxMat1KSbvYQRy1J.XqXGCHYJSaBcVLNqI7Ipu0v74caYs2a','Cliente','Activo','2026-03-03 12:13:00'
141,'Manuel','Cabrera Salazar','cliente140@example.com','5550-0140','cliente140','$2y$12$qDdl9rxMat1KSbvYQRy1J.XqXGCHYJSaBcVLNqI7Ipu0v74caYs2a','Cliente','Inactivo','2026-03-06 13:20:00'
142,'Fernanda','Mendoza Alvarado','cliente141@example.com','5550-0141','cliente141','$2y$12$qDdl9rxMat1KSbvYQRy1J.XqXGCHYJSaBcVLNqI7Ipu0v74caYs2a','Cliente','Activo','2026-03-09 14:27:00'
143,'Esteban','Calderón Escobar','cliente142@example.com','5550-0142','cliente142','$2y$12$qDdl9rxMat1KSbvYQRy1J.XqXGCHYJSaBcVLNqI7Ipu0v74caYs2a','Cliente','Activo','2026-03-12 15:34:00'
144,'Natalia','Pérez Hernández','cliente143@example.com','5550-0143','cliente143','$2y$12$qDdl9rxMat1KSbvYQRy1J.XqXGCHYJSaBcVLNqI7Ipu0v74caYs2a','Cliente','Activo','2026-03-15 16:41:00'
145,'Oscar','Martínez Gómez','cliente144@example.com','5550-0144','cliente144','$2y$12$qDdl9rxMat1KSbvYQRy1J.XqXGCHYJSaBcVLNqI7Ipu0v74caYs2a','Cliente','Activo','2026-03-18 08:48:00'
146,'Isabel','Ramírez Díaz','cliente145@example.com','5550-0145','cliente145','$2y$12$qDdl9rxMat1KSbvYQRy1J.XqXGCHYJSaBcVLNqI7Ipu0v74caYs2a','Cliente','Activo','2026-03-21 09:55:00'
147,'Héctor','Méndez Ortiz','cliente146@example.com','5550-0146','cliente146','$2y$12$qDdl9rxMat1KSbvYQRy1J.XqXGCHYJSaBcVLNqI7Ipu0v74caYs2a','Cliente','Activo','2026-03-24 10:02:00'
148,'Elena','Reyes Cabrera','cliente147@example.com','5550-0147','cliente147','$2y$12$qDdl9rxMat1KSbvYQRy1J.XqXGCHYJSaBcVLNqI7Ipu0v74caYs2a','Cliente','Activo','2026-03-27 11:09:00'
149,'Roberto','Flores Mendoza','cliente148@example.com','5550-0148','cliente148','$2y$12$qDdl9rxMat1KSbvYQRy1J.XqXGCHYJSaBcVLNqI7Ipu0v74caYs2a','Cliente','Activo','2026-03-30 12:16:00'
150,'Mónica','Rojas Calderón','cliente149@example.com','5550-0149','cliente149','$2y$12$qDdl9rxMat1KSbvYQRy1J.XqXGCHYJSaBcVLNqI7Ipu0v74caYs2a','Cliente','Activo','2026-04-02 13:23:00'
151,'Andrés','Herrera Barrios','cliente150@example.com','5550-0150','cliente150','$2y$12$qDdl9rxMat1KSbvYQRy1J.XqXGCHYJSaBcVLNqI7Ipu0v74caYs2a','Cliente','Inactivo','2026-04-05 14:30:00'
152,'Mariana','Soto Villagrán','mariana.soto151@example.com','5551-0151','marianasoto151','$2y$12$qDdl9rxMat1KSbvYQRy1J.XqXGCHYJSaBcVLNqI7Ipu0v74caYs2a','Cliente','Activo','2026-02-14 10:20:00'
